Workbook

Sheet TABLE
C2: AVERAGE BAGGAGE WEIGHT TABLE
E3: PAX NO | G3: PCS | I3: WEIGHT | K3: AVERAGE BAG WEIGHT | M3: AVERAGE BAG NO/PAX
C4: PRELIMINARY | E4: 114 | G4: 144 | I4: 2152 | K4: =I4/G4 -> 14.944444 | M4: =G4/E4 -> 1.2631579
C5: LIR OR FINAL | E5: 114 | G5: =E5*M4 -> 144 | I5: =G5*K4 -> 2152
C6: LOAD PLANNING DATA
C7: ULD | J7: BULK
C8: ULD NO | E8: PCS | G8: WEIGHT | J8: CPT/SEC | L8: PCS | N8: WEIGHT
C9: 1 | E9: 45 | G9: =E9*K4 -> 672.5 | J9: 1 | L9: 15 | N9: =L9*K4 -> 224.16667
C10: 2 | E10: 40 | G10: =E10*K4 -> 597.77778 | J10: 2 | L10: 35 | N10: =L10*K4 -> 523.05556
C11: 3 | E11: 40 | G11: =E11*K4 -> 597.77778 | J11: 3 | L11: 35 | N11: =L11*K4 -> 523.05556
C12: 4 | E12: 13 | G12: =E12*K4 -> 194.27778 | J12: 4 | L12: 35 | N12: =L12*K4 -> 523.05556
C13: 5 | E13: 0 | G13: =E13*K4 -> 0 | L13: 24 | N13: =L13*K4 -> 358.66667
C14: 6 | E14: 0 | G14: =E14*K4 -> 0 | L14: 0 | N14: =L14*K4 -> 0
C15: 7 | E15: 0 | G15: =E15*K4 -> 0 | L15: 0 | N15: =L15*K4 -> 0
C16: 8 | E16: 0 | G16: =E16*K4 -> 0 | L16: 0 | N16: =L16*K4 -> 0
C17: 9 | E17: 0 | G17: =E17*K4 -> 0 | L17: 0 | N17: =L17*K4 -> 0
C18: 10 | E18: 0 | G18: =E18*K4 -> 0 | L18: 0 | N18: =L18*K4 -> 0
C19: 11 | E19: 0 | G19: =E19*K4 -> 0 | L19: 0 | N19: =L19*K4 -> 0
C20: 12 | E20: 0 | G20: =E20*K4 -> 0 | L20: 0 | N20: =L20*K4 -> 0
C21: BULK | E21: 0 | G21: =E21*K4 -> 0 | L21: 0 | N21: =L21*K4 -> 0
C22: REST | E22: =G5-E9-E10-E11-E12-E13-E14-E15-E16-E17-E18-E19-E20-E21 -> 6 | G22: =I5-G9-G10-G11-G12-G13-G14-G15-G16-G17-G18-G19-G20-G21 -> 89.666667 | J22: REST | L22: =G5-L9-L10-L11-L12-L13-L14-L15-L16-L17-L18-L19-L20-L21 -> 0 | N22: =I5-N9-N10-N11-N12-N13-N14-N15-N16-N17-N18-N19-N20-N21 -> 5.6843419e-14
C23: TTL | E23: =SUM(E9:F21) -> 138 | G23: =SUM(G9:I21) -> 2062.3333 | J23: TTL | L23: =SUM(L9:M21) -> 144 | N23: =SUM(N9:O21) -> 2152
C24: FLT NO | D24: FROM | E24: TO | F24: AVERAGE | L24: Preliminary PAYLOAD | O24: PAX NO
F25: PCS/PAX | H25: WGHT/ PC | J25: HB WGHT/PAX | L25: PCS/FLT | M25: BAGGAGE WGHT | N25: HB WGHT
C26: N480 | D26: ='REN80_SVO 04_2026'!A4 -> REN | E26: ='REN80_SVO 04_2026'!B4 -> SVO | F26: ='REN80_SVO 04_2026'!C4 -> 0.1900085 | H26: ='REN80_SVO 04_2026'!E4 -> 12.273042 | J26: ='REN80_SVO 04_2026'!G4 -> 3.8578834 | L26: =O26*F26 -> 27.931249 | M26: =L26*H26 -> 342.80139 | N26: =O26*J26 -> 567.10887 | O26: 147
C27: N482 | D27: ='REN82_SVO 03_2024'!A4 -> REN | E27: ='REN82_SVO 03_2024'!B4 -> SVO | F27: ='REN82_SVO 03_2024'!C4 -> 0.22075449 | H27: ='REN82_SVO 03_2024'!E4 -> 13.372259 | J27: ='REN82_SVO 03_2024'!G4 -> 1.7655839 | L27: =O27*F27 -> 43.709389 | M27: =L27*H27 -> 584.49326 | N27: =O27*J27 -> 349.5856 | O27: 198
C28: N478 | D28: ='REN78_SVO 04_2026'!A4 -> REN | E28: ='REN78_SVO 04_2026'!B4 -> SVO | F28: ='REN78_SVO 04_2026'!C4 -> 0.21208065 | H28: ='REN78_SVO 04_2026'!E4 -> 13.124053 | J28: ='REN78_SVO 04_2026'!G4 -> 3.8342714 | L28: =O28*F28 -> 28.206726 | M28: =L28*H28 -> 370.18657 | N28: =O28*J28 -> 509.95809 | O28: 133
D29: ='REN_LED 07_2026'!A4 -> REN | E29: ='REN_LED 07_2026'!B4 -> LED | F29: ='REN_LED 07_2026'!C4 -> 0.39859067 | H29: ='REN_LED 07_2026'!E4 -> 13.584612 | J29: ='REN_LED 07_2026'!G4 -> 2.0559171 | L29: =O29*F29 -> 71.74632 | M29: =L29*H29 -> 974.64591 | N29: =O29*J29 -> 370.06508 | O29: 180
D30: ='REN_AER 07_2026'!A4 -> REN | E30: ='REN_AER 07_2026'!B4 -> AER | F30: ='REN_AER 07_2026'!C4 -> 0.48006772 | H30: ='REN_AER 07_2026'!E4 -> 12.290491 | J30: ='REN_AER 07_2026'!G4 -> 2.228007 | L30: =O30*F30 -> 100.33415 | M30: =L30*H30 -> 1233.156 | N30: =O30*J30 -> 465.65346 | O30: 209
D31: ='REN_MCX 10_2024'!A4 -> REN | E31: ='REN_MCX 10_2024'!B4 -> MCX | F31: ='REN_MCX 10_2024'!C4 -> 0.68312899 | H31: ='REN_MCX 10_2024'!E4 -> 10.545908 | J31: ='REN_MCX 10_2024'!G4 -> 1.3712638 | L31: =O31*F31 -> 67.62977 | M31: =L31*H31 -> 713.2173 | N31: =O31*J31 -> 135.75512 | O31: 99
D32: ='REN_MRV 03_2025'!A4 -> REN | E32: ='REN_MRV 03_2025'!B4 -> MRV | F32: ='REN_MRV 03_2025'!C4 -> 0.91396205 | H32: ='REN_MRV 03_2025'!E4 -> 11.768496 | J32: ='REN_MRV 03_2025'!G4 -> 0.79722458 | L32: =O32*F32 -> 59.407533 | M32: =L32*H32 -> 699.13734 | N32: =O32*J32 -> 51.819598 | O32: 65
D33: ='REN_KGD 10_2025'!A4 -> REN | E33: ='REN_KGD 10_2025'!B4 -> KGD | F33: ='REN_KGD 10_2025'!C4 -> 0.67022433 | H33: ='REN_KGD 10_2025'!E4 -> 12.381971 | J33: ='REN_KGD 10_2025'!G4 -> 0.69377058 | L33: =O33*F33 -> 115.27858 | M33: =L33*H33 -> 1427.3761 | N33: =O33*J33 -> 119.32854 | O33: 172
D34: ='REN_LBD 05_2024'!A4 -> REN | E34: ='REN_LBD 05_2024'!B4 -> LBD | F34: ='REN_LBD 05_2024'!C4 -> 0.90057232 | H34: ='REN_LBD 05_2024'!E4 -> 15.680859 | J34: ='REN_LBD 05_2024'!G4 -> 1.8809014 | L34: =O34*F34 -> 124.27898 | M34: =L34*H34 -> 1948.8011 | N34: =O34*J34 -> 259.56439 | O34: 138
D35: ='REN_DYU 05_2024'!A4 -> REN | E35: ='REN_DYU 05_2024'!B4 -> DYU | F35: ='REN_DYU 05_2024'!C4 -> 0.91173117 | H35: ='REN_DYU 05_2024'!E4 -> 15.505981 | J35: ='REN_DYU 05_2024'!G4 -> 3.4263237 | L35: =O35*F35 -> 130.37756 | M35: =L35*H35 -> 2021.6319 | N35: =O35*J35 -> 489.96429 | O35: 143
D36: ='OSS_UFA 03_2024'!A4 -> OSS | E36: ='OSS_UFA 03_2024'!B4 -> UFA | F36: ='OSS_UFA 03_2024'!C4 -> 0.87975851 | H36: ='OSS_UFA 03_2024'!E4 -> 15.933204 | J36: ='OSS_UFA 03_2024'!G4 -> 1.841171 | L36: =O36*F36 -> 157.47677 | M36: =L36*H36 -> 2509.1096 | N36: =O36*J36 -> 329.56961 | O36: 179
D37: ='OSS_TJM 07_2026'!A4 -> OSS | E37: ='OSS_TJM 07_2026'!B4 -> TJM | F37: ='OSS_TJM 07_2026'!C4 -> 0.62622549 | H37: ='OSS_TJM 07_2026'!E4 -> 15.468202 | J37: ='OSS_TJM 07_2026'!G4 -> 2.6084881 | L37: =O37*F37 -> 115.85172 | M37: =L37*H37 -> 1792.0177 | N37: =O37*J37 -> 482.5703 | O37: 185
D38: =OSS_OMS!A4 -> OSS | E38: =OSS_OMS!B4 -> OMS | F38: =OSS_OMS!C4 -> 0.31381681 | H38: =OSS_OMS!E4 -> 15.708862 | J38: =OSS_OMS!G4 -> 0.51764627 | L38: =O38*F38 -> 32.323131 | M38: =L38*H38 -> 507.75961 | N38: =O38*J38 -> 53.317566 | O38: 103
D39: ='OSS_KUF 03_2024'!A4 -> OSS | E39: ='OSS_KUF 03_2024'!B4 -> KUF | F39: ='OSS_KUF 03_2024'!C4 -> 0.8175625 | H39: ='OSS_KUF 03_2024'!E4 -> 15.989483 | J39: ='OSS_KUF 03_2024'!G4 -> 1.2627298 | L39: =O39*F39 -> 165.96519 | M39: =L39*H39 -> 2653.6976 | N39: =O39*J39 -> 256.33415 | O39: 203
D40: =OSS_KEJ!A4 -> OSS | E40: =OSS_KEJ!B4 -> KEJ | F40: =OSS_KEJ!C4 -> 0.43613493 | H40: =OSS_KEJ!E4 -> 15.688619 | J40: =OSS_KEJ!G4 -> 1.830566 | L40: =O40*F40 -> 45.794168 | M40: =L40*H40 -> 718.44724 | N40: =O40*J40 -> 192.20943 | O40: 105
D41: ='OSS_KJA 06_2023'!A4 -> OSS | E41: ='OSS_KJA 06_2023'!B4 -> KJA | F41: ='OSS_KJA 06_2023'!C4 -> 0.55772616 | H41: ='OSS_KJA 06_2023'!E4 -> 15.976757 | J41: ='OSS_KJA 06_2023'!G4 -> 1.532054 | L41: =O41*F41 -> 27.886308 | M41: =L41*H41 -> 445.53277 | N41: =O41*J41 -> 76.602701 | O41: 50
D42: ='LBD_UFA 07_2026'!A4 -> LBD | E42: ='LBD_UFA 07_2026'!B4 -> UFA | F42: ='LBD_UFA 07_2026'!C4 -> 0.8928284 | H42: ='LBD_UFA 07_2026'!E4 -> 15.031538 | J42: ='LBD_UFA 07_2026'!G4 -> 1.7052781 | L42: =O42*F42 -> 168.74457 | M42: =L42*H42 -> 2536.4903 | N42: =O42*J42 -> 322.29756 | O42: 189
D43: ='LBD_KZN 07_2026'!A4 -> LBD | E43: ='LBD_KZN 07_2026'!B4 -> KZN | F43: ='LBD_KZN 07_2026'!C4 -> 0.88772737 | H43: ='LBD_KZN 07_2026'!E4 -> 15.567902 | J43: ='LBD_KZN 07_2026'!G4 -> 2.4625302 | L43: =O43*F43 -> 166.89275 | M43: =L43*H43 -> 2598.1699 | N43: =O43*J43 -> 462.95567 | O43: 188
D44: ='LBD_REN 05_2024'!A4 -> LBD | E44: ='LBD_REN 05_2024'!B4 -> REN | F44: ='LBD_REN 05_2024'!C4 -> 0.86125283 | H44: ='LBD_REN 05_2024'!E4 -> 15.223449 | J44: ='LBD_REN 05_2024'!G4 -> 1.9819848 | L44: =O44*F44 -> 99.044075 | M44: =L44*H44 -> 1507.7924 | N44: =O44*J44 -> 227.92826 | O44: 115
D45: ='KQT_SVO 07_2026'!A4 -> KQT | E45: ='KQT_SVO 07_2026'!B4 -> SVO | F45: ='KQT_SVO 07_2026'!C4 -> 0.86413458 | H45: ='KQT_SVO 07_2026'!E4 -> 13.951072 | J45: ='KQT_SVO 07_2026'!G4 -> 2.9035813 | L45: =O45*F45 -> 133.94086 | M45: =L45*H45 -> 1868.6186 | N45: =O45*J45 -> 450.0551 | O45: 155
D46: ='KQT_KJA 07_2023'!A4 -> KQT | E46: ='KQT_KJA 07_2023'!B4 -> KJA | F46: ='KQT_KJA 07_2023'!C4 -> 0.93351064 | H46: ='KQT_KJA 07_2023'!E4 -> 15.127864 | J46: ='KQT_KJA 07_2023'!G4 -> 3.3776596 | L46: =O46*F46 -> 161.49734 | M46: =L46*H46 -> 2443.1098 | N46: =O46*J46 -> 584.33511 | O46: 173
D47: ='DYU_UFA 07_2026'!A4 -> DYU | E47: ='DYU_UFA 07_2026'!B4 -> UFA | F47: ='DYU_UFA 07_2026'!C4 -> 0.81825633 | H47: ='DYU_UFA 07_2026'!E4 -> 13.473652 | J47: ='DYU_UFA 07_2026'!G4 -> 0.90094712 | L47: =O47*F47 -> 144.01311 | M47: =L47*H47 -> 1940.3826 | N47: =O47*J47 -> 158.56669 | O47: 176
D48: ='DYU_KZN 07_2026'!A4 -> DYU | E48: ='DYU_KZN 07_2026'!B4 -> KZN | F48: ='DYU_KZN 07_2026'!C4 -> 0.88842956 | H48: ='DYU_KZN 07_2026'!E4 -> 14.287764 | J48: ='DYU_KZN 07_2026'!G4 -> 1.6671286 | L48: =O48*F48 -> 195.4545 | M48: =L48*H48 -> 2792.6078 | N48: =O48*J48 -> 366.76829 | O48: 220
D49: ='DYU_KUF 03_2024'!A4 -> DYU | E49: ='DYU_KUF 03_2024'!B4 -> KUF | F49: ='DYU_KUF 03_2024'!C4 -> 0.95199339 | H49: ='DYU_KUF 03_2024'!E4 -> 14.33367 | J49: ='DYU_KUF 03_2024'!G4 -> 2.8004557 | L49: =O49*F49 -> 178.97476 | M49: =L49*H49 -> 2565.3651 | N49: =O49*J49 -> 526.48568 | O49: 188
D50: ='DYU_REN 05_2024'!A4 -> DYU | E50: ='DYU_REN 05_2024'!B4 -> REN | F50: ='DYU_REN 05_2024'!C4 -> 0.90351932 | H50: ='DYU_REN 05_2024'!E4 -> 12.635138 | J50: ='DYU_REN 05_2024'!G4 -> 2.1917989 | L50: =O50*F50 -> 168.05459 | M50: =L50*H50 -> 2123.393 | N50: =O50*J50 -> 407.6746 | O50: 186
D51: ='CCC_SVO 02_2026'!A4 -> CCC | E51: ='CCC_SVO 02_2026'!B4 -> SVO | F51: ='CCC_SVO 02_2026'!C4 -> 0.79327122 | H51: ='CCC_SVO 02_2026'!E4 -> 13.173699 | J51: ='CCC_SVO 02_2026'!G4 -> 0 | L51: =O51*F51 -> 414.08758 | M51: =L51*H51 -> 5455.0652 | N51: =O51*J51 -> 0 | O51: 522
D52: ='VRA_SVO 02_2026'!A4 -> VRA | E52: ='VRA_SVO 02_2026'!B4 -> SVO | F52: ='VRA_SVO 02_2026'!C4 -> 0.84075607 | H52: ='VRA_SVO 02_2026'!E4 -> 12.365901 | J52: ='VRA_SVO 02_2026'!G4 -> 0 | L52: =O52*F52 -> 407.7667 | M52: =L52*H52 -> 5042.4025 | N52: =O52*J52 -> 0 | O52: 485
D53: ='PMV_SVO 12_2025'!A4 -> PMV | E53: ='PMV_SVO 12_2025'!B4 -> SVO | F53: ='PMV_SVO 12_2025'!C4 -> 0.81105991 | H53: ='PMV_SVO 12_2025'!E4 -> 12.8125 | J53: ='PMV_SVO 12_2025'!G4 -> 0 | L53: =O53*F53 -> 377.95392 | M53: =L53*H53 -> 4842.5346 | N53: =O53*J53 -> 0 | O53: 466
D54: ='SSH_KZN 01_2026'!A4 -> SSH | E54: ='SSH_KZN 01_2026'!B4 -> KZN | F54: ='SSH_KZN 01_2026'!C4 -> 0.75895164 | H54: ='SSH_KZN 01_2026'!E4 -> 12.057066 | J54: ='SSH_KZN 01_2026'!G4 -> 3 | L54: =O54*F54 -> 145.71872 | M54: =L54*H54 -> 1756.9402 | N54: =O54*J54 -> 576 | O54: 192
D55: =SSH_ZIA_09.2023!A4 -> SSH | E55: =SSH_ZIA_09.2023!B4 -> ZIA | F55: =SSH_ZIA_09.2023!C4 -> 0.73924051 | H55: =SSH_ZIA_09.2023!E4 -> 16.39726 | J55: =SSH_ZIA_09.2023!G4 -> 5 | L55: =O55*F55 -> 41.397468 | M55: =L55*H55 -> 678.80506 | N55: =O55*J55 -> 280 | O55: 56
D56: ='SSH_SVO 01_2026'!A4 -> SSH | E56: ='SSH_SVO 01_2026'!B4 -> SVO | F56: ='SSH_SVO 01_2026'!C4 -> 0.78428511 | H56: ='SSH_SVO 01_2026'!E4 -> 12.175869 | J56: ='SSH_SVO 01_2026'!G4 -> 3 | L56: =O56*F56 -> 297.24406 | M56: =L56*H56 -> 3619.2046 | N56: =O56*J56 -> 1137 | O56: 379
D57: ='SSH_SVX 01_2026'!A4 -> SSH | E57: ='SSH_SVX 01_2026'!B4 -> SVX | F57: ='SSH_SVX 01_2026'!C4 -> 0.76185246 | H57: ='SSH_SVX 01_2026'!E4 -> 12.12945 | J57: ='SSH_SVX 01_2026'!G4 -> 3 | L57: =O57*F57 -> 287.98023 | M57: =L57*H57 -> 3493.0417 | N57: =O57*J57 -> 1134 | O57: 378
D58: ='HRG_SVO 10_2023'!A4 -> HRG | E58: ='HRG_SVO 10_2023'!B4 -> SVO | F58: ='HRG_SVO 10_2023'!C4 -> 0.72562947 | H58: ='HRG_SVO 10_2023'!E4 -> 12.36772 | J58: ='HRG_SVO 10_2023'!G4 -> 5 | L58: =O58*F58 -> 40.635251 | M58: =L58*H58 -> 502.56541 | N58: =O58*J58 -> 280 | O58: 56
D59: ='SSH_LED 11_2025'!A4 -> SSH | E59: ='SSH_LED 11_2025'!B4 -> LED | F59: ='SSH_LED 11_2025'!C4 -> 0.77611857 | H59: ='SSH_LED 11_2025'!E4 -> 11.718447 | J59: ='SSH_LED 11_2025'!G4 -> 3 | L59: =O59*F59 -> 169.96997 | M59: =L59*H59 -> 1991.784 | N59: =O59*J59 -> 657 | O59: 219
D60: ='AER_BAX 07_26'!A4 -> AER | E60: ='AER_BAX 07_26'!B4 -> BAX | F60: ='AER_BAX 07_26'!C4 -> 0.41365719 | H60: ='AER_BAX 07_26'!E4 -> 13.772959 | J60: ='AER_BAX 07_26'!G4 -> 1.6221717 | L60: =O60*F60 -> 78.181209 | M60: =L60*H60 -> 1076.7866 | N60: =O60*J60 -> 306.59045 | O60: 189
D61: ='AER_CSY 07_26'!A4 -> AER | E61: ='AER_CSY 07_26'!B4 -> CSY | F61: ='AER_CSY 07_26'!C4 -> 0.5783661 | H61: ='AER_CSY 07_26'!E4 -> 12.719639 | J61: ='AER_CSY 07_26'!G4 -> 1.7540513 | L61: =O61*F61 -> 108.15446 | M61: =L61*H61 -> 1375.6857 | N61: =O61*J61 -> 328.00759 | O61: 187
D62: ='AER_CEK 07_26'!A4 -> AER | E62: ='AER_CEK 07_26'!B4 -> CEK | F62: ='AER_CEK 07_26'!C4 -> 0.5483871 | H62: ='AER_CEK 07_26'!E4 -> 14.127451 | J62: ='AER_CEK 07_26'!G4 -> 1.4677419 | L62: =O62*F62 -> 104.74194 | M62: =L62*H62 -> 1479.7366 | N62: =O62*J62 -> 280.33871 | O62: 191
D63: ='AER_GOJ 07_26'!A4 -> AER | E63: ='AER_GOJ 07_26'!B4 -> GOJ | F63: ='AER_GOJ 07_26'!C4 -> 0.49440486 | H63: ='AER_GOJ 07_26'!E4 -> 14.334865 | J63: ='AER_GOJ 07_26'!G4 -> 1.1773904 | L63: =O63*F63 -> 144.86062 | M63: =L63*H63 -> 2076.5575 | N63: =O63*J63 -> 344.97539 | O63: 293
D64: ='AER_IWA 07_26'!A4 -> AER | E64: ='AER_IWA 07_26'!B4 -> IWA | F64: ='AER_IWA 07_26'!C4 -> 0.52585195 | H64: ='AER_IWA 07_26'!E4 -> 13.693523 | J64: ='AER_IWA 07_26'!G4 -> 2.082742 | L64: =O64*F64 -> 49.430083 | M64: =L64*H64 -> 676.87198 | N64: =O64*J64 -> 195.77775 | O64: 94
D65: ='AER_KVX 07_26'!A4 -> AER | E65: ='AER_KVX 07_26'!B4 -> KVX | F65: ='AER_KVX 07_26'!C4 -> 0.36576723 | H65: ='AER_KVX 07_26'!E4 -> 13.296427 | J65: ='AER_KVX 07_26'!G4 -> 1.3487423 | L65: =O65*F65 -> 64.375032 | M65: =L65*H65 -> 855.9579 | N65: =O65*J65 -> 237.37865 | O65: 176
D66: ='AER_KZN 07_26'!A4 -> AER | E66: ='AER_KZN 07_26'!B4 -> KZN | F66: ='AER_KZN 07_26'!C4 -> 0.47990601 | H66: ='AER_KZN 07_26'!E4 -> 14.307287 | J66: ='AER_KZN 07_26'!G4 -> 1.3830018 | L66: =O66*F66 -> 75.825149 | M66: =L66*H66 -> 1084.8522 | N66: =O66*J66 -> 218.51428 | O66: 158
D67: =#REF! -> #REF! | E67: =#REF! -> #REF! | F67: =#REF! -> #REF! | H67: =#REF! -> #REF! | J67: =#REF! -> #REF! | L67: =O67*F67 -> #REF! | M67: =L67*H67 -> #REF! | N67: =O67*J67 -> #REF! | O67: 211
D68: ='AER_KJA 07_26'!A4 -> AER | E68: ='AER_KJA 07_26'!B4 -> KJA | F68: ='AER_KJA 07_26'!C4 -> 0.45618214 | H68: ='AER_KJA 07_26'!E4 -> 13.959054 | J68: ='AER_KJA 07_26'!G4 -> 1.1870701 | L68: =O68*F68 -> 192.05268 | M68: =L68*H68 -> 2680.8737 | N68: =O68*J68 -> 499.7565 | O68: 421
D69: ='AER_KRO 07_26'!A4 -> AER | E69: ='AER_KRO 07_26'!B4 -> KRO | F69: ='AER_KRO 07_26'!C4 -> 0.41676242 | H69: ='AER_KRO 07_26'!E4 -> 14.215893 | J69: ='AER_KRO 07_26'!G4 -> 1.2650081 | L69: =O69*F69 -> 73.350187 | M69: =L69*H69 -> 1042.7384 | N69: =O69*J69 -> 222.64142 | O69: 176
D70: ='AER_KEJ 07_26'!A4 -> AER | E70: ='AER_KEJ 07_26'!B4 -> KEJ | F70: ='AER_KEJ 07_26'!C4 -> 0.43516085 | H70: ='AER_KEJ 07_26'!E4 -> 13.659475 | J70: ='AER_KEJ 07_26'!G4 -> 1.9859685 | L70: =O70*F70 -> 71.80154 | M70: =L70*H70 -> 980.77132 | N70: =O70*J70 -> 327.6848 | O70: 165
D71: ='AER_LED 07_26'!A4 -> AER | E71: ='AER_LED 07_26'!B4 -> LED | F71: ='AER_LED 07_26'!C4 -> 0.55939173 | H71: ='AER_LED 07_26'!E4 -> 14.175845 | J71: ='AER_LED 07_26'!G4 -> 1.5584441 | L71: =O71*F71 -> 112.99713 | M71: =L71*H71 -> 1601.8298 | N71: =O71*J71 -> 314.80571 | O71: 202
D72: ='AER_NJC 07_26'!A4 -> AER | E72: ='AER_NJC 07_26'!B4 -> NJC | F72: ='AER_NJC 07_26'!C4 -> 0.48614471 | H72: ='AER_NJC 07_26'!E4 -> 13.653912 | J72: ='AER_NJC 07_26'!G4 -> 1.8074111 | L72: =O72*F72 -> 93.825928 | M72: =L72*H72 -> 1281.091 | N72: =O72*J72 -> 348.83035 | O72: 193
D73: ='AER_NOZ 07_26'!A4 -> AER | E73: ='AER_NOZ 07_26'!B4 -> NOZ | F73: ='AER_NOZ 07_26'!C4 -> 0.4082222 | H73: ='AER_NOZ 07_26'!E4 -> 12.986253 | J73: ='AER_NOZ 07_26'!G4 -> 1.3821362 | L73: =O73*F73 -> 65.315552 | M73: =L73*H73 -> 848.2043 | N73: =O73*J73 -> 221.14178 | O73: 160
D74: ='AER_OVB 12_25'!A4 -> AER | E74: ='AER_OVB 12_25'!B4 -> OVB | F74: ='AER_OVB 12_25'!C4 -> 0.44936709 | H74: ='AER_OVB 12_25'!E4 -> 14.380282 | J74: ='AER_OVB 12_25'!G4 -> 2.9810127 | L74: =O74*F74 -> 71.449367 | M74: =L74*H74 -> 1027.462 | N74: =O74*J74 -> 473.98101 | O74: 159
D75: ='AER_OMS 07_26'!A4 -> AER | E75: ='AER_OMS 07_26'!B4 -> OMS | F75: ='AER_OMS 07_26'!C4 -> 0.41196527 | H75: ='AER_OMS 07_26'!E4 -> 14.049685 | J75: ='AER_OMS 07_26'!G4 -> 1.5733931 | L75: =O75*F75 -> 75.80161 | M75: =L75*H75 -> 1064.9888 | N75: =O75*J75 -> 289.50433 | O75: 184
D76: ='AER_PEE 07_26'!A4 -> AER | E76: ='AER_PEE 07_26'!B4 -> PEE | F76: ='AER_PEE 07_26'!C4 -> 0.48672833 | H76: ='AER_PEE 07_26'!E4 -> 13.081927 | J76: ='AER_PEE 07_26'!G4 -> 1.1564806 | L76: =O76*F76 -> 93.938568 | M76: =L76*H76 -> 1228.8975 | N76: =O76*J76 -> 223.20076 | O76: 193
D77: ='AER_SVO 06_26'!A4 -> AER | E77: ='AER_SVO 06_26'!B4 -> SVO | F77: ='AER_SVO 06_26'!C4 -> 0.50549451 | H77: ='AER_SVO 06_26'!E4 -> 14.108824 | J77: ='AER_SVO 06_26'!G4 -> 1.040293 | L77: =O77*F77 -> 32.857143 | M77: =L77*H77 -> 463.57563 | N77: =O77*J77 -> 67.619048 | O77: 65
D78: ='AER_SVX 07_26'!A4 -> AER | E78: ='AER_SVX 07_26'!B4 -> SVX | F78: ='AER_SVX 07_26'!C4 -> 0.45289799 | H78: ='AER_SVX 07_26'!E4 -> 13.763886 | J78: ='AER_SVX 07_26'!G4 -> 1.1676409 | L78: =O78*F78 -> 162.59038 | M78: =L78*H78 -> 2237.8754 | N78: =O78*J78 -> 419.18308 | O78: 359
D79: ='AER_SGC 06_26'!A4 -> AER | E79: ='AER_SGC 06_26'!B4 -> SGC | F79: ='AER_SGC 06_26'!C4 -> 0.41192656 | H79: ='AER_SGC 06_26'!E4 -> 14.172383 | J79: ='AER_SGC 06_26'!G4 -> 1.3330532 | L79: =O79*F79 -> 48.607334 | M79: =L79*H79 -> 688.88173 | N79: =O79*J79 -> 157.30028 | O79: 118
D80: ='AER_SKX 09_23'!A4 -> AER | E80: ='AER_SKX 09_23'!B4 -> SKX | F80: ='AER_SKX 09_23'!C4 -> 0.73513022 | H80: ='AER_SKX 09_23'!E4 -> 13.262529 | J80: ='AER_SKX 09_23'!G4 -> 2.0286172 | L80: =O80*F80 -> 88.215626 | M80: =L80*H80 -> 1169.9623 | N80: =O80*J80 -> 243.43407 | O80: 120
D81: ='AER_SCW 07_26'!A4 -> AER | E81: ='AER_SCW 07_26'!B4 -> SCW | F81: ='AER_SCW 07_26'!C4 -> 0.50530541 | H81: ='AER_SCW 07_26'!E4 -> 13.616224 | J81: ='AER_SCW 07_26'!G4 -> 1.4107386 | L81: =O81*F81 -> 80.848865 | M81: =L81*H81 -> 1100.8562 | N81: =O81*J81 -> 225.71817 | O81: 160
D82: ='AER_TOF 07_26'!A4 -> AER | E82: ='AER_TOF 07_26'!B4 -> TOF | F82: ='AER_TOF 07_26'!C4 -> 0.47930773 | H82: ='AER_TOF 07_26'!E4 -> 13.972686 | J82: ='AER_TOF 07_26'!G4 -> 1.210308 | L82: =O82*F82 -> 84.837468 | M82: =L82*H82 -> 1185.4073 | N82: =O82*J82 -> 214.22451 | O82: 177
D83: ='AER_TJM 07_26'!A4 -> AER | E83: ='AER_TJM 07_26'!B4 -> TJM | F83: ='AER_TJM 07_26'!C4 -> 0.34 | H83: ='AER_TJM 07_26'!E4 -> 14.191176 | J83: ='AER_TJM 07_26'!G4 -> 1.175 | L83: =O83*F83 -> 62.9 | M83: =L83*H83 -> 892.625 | N83: =O83*J83 -> 217.375 | O83: 185
D84: ='AER_UFA 07_26'!A4 -> AER | E84: ='AER_UFA 07_26'!B4 -> UFA | F84: ='AER_UFA 07_26'!C4 -> 0.49758682 | H84: ='AER_UFA 07_26'!E4 -> 13.799839 | J84: ='AER_UFA 07_26'!G4 -> 1.2636966 | L84: =O84*F84 -> 170.17469 | M84: =L84*H84 -> 2348.3834 | N84: =O84*J84 -> 432.18425 | O84: 342
D85: ='AER_ULV 07_26'!A4 -> AER | E85: ='AER_ULV 07_26'!B4 -> ULV | F85: ='AER_ULV 07_26'!C4 -> 0.385 | H85: ='AER_ULV 07_26'!E4 -> 14.974026 | J85: ='AER_ULV 07_26'!G4 -> 2.27 | L85: =O85*F85 -> 65.45 | M85: =L85*H85 -> 980.05 | N85: =O85*J85 -> 385.9 | O85: 170
D86: ='AER_REN 07_26'!A4 -> AER | E86: ='AER_REN 07_26'!B4 -> REN | F86: ='AER_REN 07_26'!C4 -> 0.50575782 | H86: ='AER_REN 07_26'!E4 -> 14.564037 | J86: ='AER_REN 07_26'!G4 -> 1.3525606 | L86: =O86*F86 -> 106.20914 | M86: =L86*H86 -> 1546.8339 | N86: =O86*J86 -> 284.03772 | O86: 210
D87: ='AER_NBC 07_26'!A4 -> AER | E87: ='AER_NBC 07_26'!B4 -> NBC | F87: ='AER_NBC 07_26'!C4 -> 0.45182849 | H87: ='AER_NBC 07_26'!E4 -> 13.427414 | J87: ='AER_NBC 07_26'!G4 -> 1.4058517 | L87: =O87*F87 -> 94.432154 | M87: =L87*H87 -> 1267.9796 | N87: =O87*J87 -> 293.82301 | O87: 209
D88: =#REF! -> #REF! | E88: =#REF! -> #REF! | F88: =#REF! -> #REF! | H88: =#REF! -> #REF! | J88: =#REF! -> #REF! | L88: =O88*F88 -> #REF! | M88: =L88*H88 -> #REF! | N88: =O88*J88 -> #REF! | O88: 128
D89: ='AER_MQF 07_26'!A4 -> AER | E89: ='AER_MQF 07_26'!B4 -> MQF | F89: ='AER_MQF 07_26'!C4 -> 0.39876217 | H89: ='AER_MQF 07_26'!E4 -> 13.733166 | J89: ='AER_MQF 07_26'!G4 -> 1.4872143 | L89: =O89*F89 -> 64.998233 | M89: =L89*H89 -> 892.63155 | N89: =O89*J89 -> 242.41594 | O89: 163
D90: ='REN_RGK 08_2024'!A4 -> REN | E90: ='REN_RGK 08_2024'!B4 -> RGK | F90: ='REN_RGK 08_2024'!C4 -> 0.69200002 | H90: ='REN_RGK 08_2024'!E4 -> 10.673025 | J90: ='REN_RGK 08_2024'!G4 -> 1.97752 | L90: =O90*F90 -> 25.604001 | M90: =L90*H90 -> 273.27214 | N90: =O90*J90 -> 73.16824 | O90: 37
C91: N484 | D91: ='REN84_SVO 10_2024'!A4 -> REN | E91: ='REN84_SVO 10_2024'!B4 -> SVO | F91: ='REN84_SVO 10_2024'!C4 -> 0.14799139 | H91: ='REN84_SVO 10_2024'!E4 -> 13.830783 | J91: ='REN84_SVO 10_2024'!G4 -> 2.1394736 | L91: =O91*F91 -> 26.046485 | M91: =L91*H91 -> 360.24328 | N91: =O91*J91 -> 376.54735 | O91: 176
D92: ='REN_KZN 03_2025'!A4 -> REN | E92: ='REN_KZN 03_2025'!B4 -> KZN | F92: ='REN_KZN 03_2025'!C4 -> 0.61798839 | H92: ='REN_KZN 03_2025'!E4 -> 10.909826 | J92: ='REN_KZN 03_2025'!G4 -> 1.3153879 | L92: =O92*F92 -> 130.39555 | M92: =L92*H92 -> 1422.5928 | N92: =O92*J92 -> 277.54685 | O92: 211
D93: ='AER_VOG 10_25'!A4 -> AER | E93: ='AER_VOG 10_25'!B4 -> VOG | F93: ='AER_VOG 10_25'!C4 -> 0.61339252 | H93: ='AER_VOG 10_25'!E4 -> 13.44472 | J93: ='AER_VOG 10_25'!G4 -> 2.3558983 | L93: =O93*F93 -> 67.473177 | M93: =L93*H93 -> 907.15799 | N93: =O93*J93 -> 259.14882 | O93: 110
D94: ='AER_OSW 07_26'!A4 -> AER | E94: ='AER_OSW 07_26'!B4 -> OSW | F94: ='AER_OSW 07_26'!C4 -> 0.55776869 | H94: ='AER_OSW 07_26'!E4 -> 13.716482 | J94: ='AER_OSW 07_26'!G4 -> 1.7036662 | L94: =O94*F94 -> 45.179264 | M94: =L94*H94 -> 619.70057 | N94: =O94*J94 -> 137.99696 | O94: 81
D95: ='SUI_GOJ 07_26'!A4 -> SUI | E95: ='SUI_GOJ 07_26'!B4 -> GOJ | F95: ='SUI_GOJ 07_26'!C4 -> 0.59712276 | H95: ='SUI_GOJ 07_26'!E4 -> 14.692211 | J95: ='SUI_GOJ 07_26'!G4 -> 3.1426471 | L95: =O95*F95 -> 42.395716 | M95: =L95*H95 -> 622.88679 | N95: =O95*J95 -> 223.12794 | O95: 71
D96: ='KQT_KZN 07_2026'!A4 -> KQT | E96: ='KQT_KZN 07_2026'!B4 -> KZN | F96: ='KQT_KZN 07_2026'!C4 -> 0.88459057 | H96: ='KQT_KZN 07_2026'!E4 -> 13.36611 | J96: ='KQT_KZN 07_2026'!G4 -> 2.4906018 | L96: =O96*F96 -> 163.64926 | M96: =L96*H96 -> 2187.3539 | N96: =O96*J96 -> 460.76134 | O96: 185
D97: ='SSH_OMS 01_26'!A4 -> SSH | E97: ='SSH_OMS 01_26'!B4 -> OMS | F97: ='SSH_OMS 01_26'!C4 -> 0.7383233 | H97: ='SSH_OMS 01_26'!E4 -> 12.290636 | J97: ='SSH_OMS 01_26'!G4 -> 3 | L97: =O97*F97 -> 279.08621 | M97: =L97*H97 -> 3430.147 | N97: =O97*J97 -> 1134 | O97: 378
D98: ='SSH_PEE 01_26'!A4 -> SSH | E98: ='SSH_PEE 01_26'!B4 -> PEE | F98: ='SSH_PEE 01_26'!C4 -> 0.75384403 | H98: ='SSH_PEE 01_26'!E4 -> 11.587007 | J98: ='SSH_PEE 01_26'!G4 -> 3 | L98: =O98*F98 -> 230.67627 | M98: =L98*H98 -> 2672.8475 | N98: =O98*J98 -> 918 | O98: 306
D99: ='SSH_TJM 01_26'!A4 -> SSH | E99: ='SSH_TJM 01_26'!B4 -> TJM | F99: ='SSH_TJM 01_26'!C4 -> 0.73584749 | H99: ='SSH_TJM 01_26'!E4 -> 11.809045 | J99: ='SSH_TJM 01_26'!G4 -> 3 | L99: =O99*F99 -> 278.15035 | M99: =L99*H99 -> 3284.69 | N99: =O99*J99 -> 1134 | O99: 378
D100: ='AER_AYT 10_25'!A4 -> AER | E100: ='AER_AYT 10_25'!B4 -> AYT | F100: ='AER_AYT 10_25'!C4 -> 0.89830508 | H100: ='AER_AYT 10_25'!E4 -> 12.056604 | J100: ='AER_AYT 10_25'!G4 -> 2.220339 | L100: =O100*F100 -> 53 | M100: =L100*H100 -> 639 | N100: =O100*J100 -> 131 | O100: 59
C101: N46102 | D101: ='VRA_SVO 6102 12_2025'!A4 -> VRA | E101: ='VRA_SVO 6102 12_2025'!B4 -> SVO | F101: ='VRA_SVO 6102 12_2025'!C4 -> 0.94933333 | H101: ='VRA_SVO 6102 12_2025'!E4 -> 17.865169 | J101: ='VRA_SVO 6102 12_2025'!G4 -> 0 | L101: =O101*F101 -> 356 | M101: =L101*H101 -> 6360 | N101: =O101*J101 -> 0 | O101: 375
...

Sheet REN_AER 07_2026
A1: AVERAGE BAGGAGE WEIGHT TABLE | I1: Preliminary PAYLOAD
A2: FROM | B2: TO | C2: AVERAGE | I2: PAX NO ADL+CHD | K2: 175
C3: PCS per PAX | E3: WGHT per PC | G3: HB WGHT per PAX | I3: PCS per FLT | J3: BAGGAGE WGHT | K3: HB WGHT
A4: REN | B4: AER | C4: =AVERAGEA(I7:I40) -> 0.48006772 | E4: =AVERAGEA(J7:J40) -> 12.290491 | G4: =AVERAGEA(K7:K40) -> 2.228007 | I4: =C4*K2 -> 84.011852 | J4: =I4*E4 -> 1032.5469 | K4: =K2*G4 -> 389.90122
A5: DATE | B5: FLT NO | C5: AC TYPE | D5: ADULT | E5: CHD | F5: BAGGAGE | H5: CABIN BAGGAGE | I5: PCS per PAX | J5: WGHT per PC | K5: HB WGHT per PAX | N5: STATUS | O5: ADULT+CHD | P5: No of PCS | Q5: WEIGHT | R5: AVERAGE BAG WEIGHT | S5: NO BAG per PAX
F6: PCS | G6: WEIGHT
A7: 46204 | B7: EO434 | C7: B739 | D7: 172 | E7: 36 | F7: 106 | G7: 1346 | H7: 449 | I7: =F7/(D7+E7) -> 0.50961538 | J7: =G7/F7 -> 12.698113 | K7: =H7/(D7+E7) -> 2.1586538 | N7: PRE | O7: =K2 -> 175 | P7: =I4 -> 84.011852 | Q7: =J4 -> 1032.5469 | R7: =Q7/P7 -> 12.290491 | S7: =P7/O7 -> 0.48006772
A8: 46204 | B8: EO432 | C8: E90 | D8: 76 | E8: 14 | F8: 45 | G8: 526 | H8: 166 | I8: =F8/(D8+E8) -> 0.5 | J8: =G8/F8 -> 11.688889 | K8: =H8/(D8+E8) -> 1.8444444 | N8: LIR DATA/FINAL | O8: =O7 -> 175 | P8: =O8*S7 -> 84.011852 | Q8: =P8*R7 -> 1032.5469
A9: 46206 | B9: EO434 | C9: E90 | D9: 93 | E9: 17 | F9: 50 | G9: 646 | H9: 331 | I9: =F9/(D9+E9) -> 0.45454545 | J9: =G9/F9 -> 12.92 | K9: =H9/(D9+E9) -> 3.0090909 | N9: LOAD PLANNING DATA
A10: 46208 | B10: EO432 | C10: B739 | D10: 188 | E10: 26 | F10: 103 | G10: 1300 | H10: 338 | I10: =F10/(D10+E10) -> 0.48130841 | J10: =G10/F10 -> 12.621359 | K10: =H10/(D10+E10) -> 1.5794393 | N10: ULD | Q10: BULK
A11: 46210 | B11: EO432 | C11: E90 | D11: 81 | E11: 20 | F11: 51 | G11: 610 | H11: 206 | I11: =F11/(D11+E11) -> 0.5049505 | J11: =G11/F11 -> 11.960784 | K11: =H11/(D11+E11) -> 2.039604 | N11: ULD NO | O11: NO of PCS | P11: KG per ULD | Q11: POS | R11: NO of PCS | S11: KG per POS
A12: 46212 | B12: EO6506 | C12: B739 | D12: 135 | E12: 32 | F12: 76 | G12: 916 | H12: 618 | I12: =F12/(D12+E12) -> 0.45508982 | J12: =G12/F12 -> 12.052632 | K12: =H12/(D12+E12) -> 3.7005988 | N12: 1 | O12: 0 | P12: =O12*R7 -> 0 | Q12: 3 | R12: 40 | S12: =R12*R7 -> 491.61964
A13: 46213 | B13: 434 | C13: B738 | D13: 158 | E13: 27 | F13: 67 | G13: 790 | H13: 324 | I13: =F13/(D13+E13) -> 0.36216216 | J13: =G13/F13 -> 11.791045 | K13: =H13/(D13+E13) -> 1.7513514 | N13: 2 | O13: 0 | P13: =O13*R7 -> 0 | Q13: 4 | R13: 40 | S13: =R7*R13 -> 491.61964
A14: 46215 | B14: EO432 | C14: B739 | D14: 174 | E14: 38 | F14: 114 | G14: 1388 | H14: 196 | I14: =F14/(D14+E14) -> 0.53773585 | J14: =G14/F14 -> 12.175439 | K14: =H14/(D14+E14) -> 0.9245283 | N14: 3 | O14: 1 | P14: =R7*O14 -> 12.290491 | Q14: 5 | R14: 0 | S14: =R14*R7 -> 0
A15: 46217 | B15: EO432 | C15: B739 | D15: 94 | E15: 19 | F15: 65 | G15: 822 | H15: 160 | I15: =F15/(D15+E15) -> 0.57522124 | J15: =G15/F15 -> 12.646154 | K15: =H15/(D15+E15) -> 1.4159292 | N15: 4 | O15: 0 | P15: =R7*O15 -> 0 | Q15: 1 | R15: 0 | S15: =R7*R15 -> 0
A16: 46218 | B16: EO434 | C16: B739 | D16: 177 | E16: 33 | F16: 104 | G16: 1247 | H16: 827 | I16: =F16/(D16+E16) -> 0.4952381 | J16: =G16/F16 -> 11.990385 | K16: =H16/(D16+E16) -> 3.9380952 | N16: 5 | O16: 0 | P16: =R7*O16 -> 0 | R16: 0 | S16: =R7*R16 -> 0
A17: 46220 | B17: EO434 | C17: B739 | D17: 176 | E17: 29 | F17: 83 | G17: 1050 | H17: 440 | I17: =F17/(D17+E17) -> 0.40487805 | J17: =G17/F17 -> 12.650602 | K17: =H17/(D17+E17) -> 2.1463415 | N17: 6 | O17: 0 | P17: =R7*O17 -> 0 | R17: 0 | S17: =R7*R17 -> 0
N18: 7 | O18: 0 | P18: =R7*O18 -> 0 | R18: 0 | S18: =R7*R18 -> 0
N19: 8 | O19: 30 | P19: =R7*O19 -> 368.71473 | R19: 0 | S19: =R7*R19 -> 0
N20: 9 | O20: 50 | P20: =R7*O20 -> 614.52455 | R20: 0 | S20: =R7*R20 -> 0
N21: BULK | O21: 50 | P21: =R7*O21 -> 614.52455 | S21: =R7*R21 -> 0
N22: REST | O22: =P8-O12-O13-O14-O15-O16-O17-O18-O19-O20-O21 -> -46.988148 | P22: =Q8-P12-P13-P14-P15-P16-P17-P18-P19-P20-P21 -> -577.50742 | Q22: REST | R22: =P8-R12-R13-R14-R15-R16-R17-R18-R19-R20-R21 -> 4.0118516 | S22: =Q8-S12-S13-S14-S15-S16-S17-S18-S19-S20-S21 -> 49.307627
N23: TOTAL | O23: =O12+O13+O14+O15+O16+O17+O18+O19+O20+O21 -> 131 | P23: =P12+P13+P14+P15+P16+P17+P18+P19+P20+P21 -> 1610.0543 | Q23: TOTAL | R23: =R12+R13+R14+R15+R16+R17+R18+R19+R20+R21 -> 80 | S23: =S12+S13+S14+S15+S16+S17+S18+S19+S20+S21 -> 983.23928

Sheet REN_RGK 08_2024
A1: AVERAGE BAGGAGE WEIGHT TABLE | I1: Preliminary PAYLOAD
A2: FROM | B2: TO | C2: AVERAGE | I2: PAX NO ADL+CHD | K2: 32
C3: PCS per PAX | E3: WGHT per PC | G3: HB WGHT per PAX | I3: PCS per FLT | J3: BAGGAGE WGHT | K3: HB WGHT
A4: REN | B4: RGK | C4: =AVERAGEA(I7:I20) -> 0.69200002 | E4: =AVERAGEA(J7:J20) -> 10.673025 | G4: =AVERAGEA(K7:K20) -> 1.97752 | I4: =C4*K2 -> 22.144001 | J4: =I4*E4 -> 236.34347 | K4: =K2*G4 -> 63.28064
A5: DATE | B5: FLT NO | C5: AC TYPE | D5: ADULT | E5: CHD | F5: BAGGAGE | H5: CABIN BAGGAGE | I5: PCS per PAX | J5: WGHT per PC | K5: HB WGHT per PAX
F6: PCS | G6: WEIGHT
A7: 45507 | B7: EO957 | C7: E90 | D7: 95 | E7: 9 | F7: 69 | G7: 845 | H7: 104 | I7: =F7/(D7+E7) -> 0.66346154 | J7: =G7/F7 -> 12.246377 | K7: =H7/(D7+E7) -> 1
A8: 45511 | B8: EO957 | C8: E90 | D8: 66 | E8: 7 | F8: 57 | G8: 638 | H8: 85 | I8: =F8/(D8+E8) -> 0.78082192 | J8: =G8/F8 -> 11.192982 | K8: =H8/(D8+E8) -> 1.1643836
A9: 45514 | B9: EO957 | C9: E90 | D9: 91 | E9: 4 | F9: 72 | G9: 930 | H9: 75 | I9: =F9/(D9+E9) -> 0.75789474 | J9: =G9/F9 -> 12.916667 | K9: =H9/(D9+E9) -> 0.78947368
A10: 45518 | B10: EO957 | C10: E90 | D10: 59 | E10: 7 | F10: 34 | G10: 49 | H10: 644 | I10: =F10/(D10+E10) -> 0.51515152 | J10: =G10/F10 -> 1.4411765 | K10: =H10/(D10+E10) -> 9.7575758
A11: 45521 | B11: EO957 | C11: E90 | D11: 70 | E11: 8 | F11: 54 | G11: 655 | H11: 108 | I11: =F11/(D11+E11) -> 0.69230769 | J11: =G11/F11 -> 12.12963 | K11: =H11/(D11+E11) -> 1.3846154
A12: 45525 | B12: EO957 | C12: E90 | D12: 63 | E12: 2 | F12: 56 | G12: 606 | H12: 20 | I12: =F12/(D12+E12) -> 0.86153846 | J12: =G12/F12 -> 10.821429 | K12: =H12/(D12+E12) -> 0.30769231
A13: 45528 | B13: EO957 | C13: E90 | D13: 75 | E13: 7 | F13: 65 | G13: 782 | I13: =F13/(D13+E13) -> 0.79268293 | J13: =G13/F13 -> 12.030769 | K13: =H13/(D13+E13) -> 0
A14: 45532 | B14: EO957 | C14: E90 | D14: 32 | E14: 1 | F14: 21 | G14: 249 | H14: 35 | I14: =F14/(D14+E14) -> 0.63636364 | J14: =G14/F14 -> 11.857143 | K14: =H14/(D14+E14) -> 1.0606061
A15: 45535 | B15: EO957 | C15: E90 | D15: 34 | E15: 2 | F15: 19 | G15: 217 | H15: 84 | I15: =F15/(D15+E15) -> 0.52777778 | J15: =G15/F15 -> 11.421053 | K15: =H15/(D15+E15) -> 2.3333333

Sheet REN80_SVO 04_2026
A1: AVERAGE BAGGAGE WEIGHT TABLE | I1: Preliminary PAYLOAD
A2: FROM | B2: TO | C2: AVERAGE | I2: PAX NO ADL+CHD | K2: 192
C3: PCS per PAX | E3: WGHT per PC | G3: HB WGHT per PAX | I3: PCS per FLT | J3: BAGGAGE WGHT | K3: HB WGHT
A4: REN | B4: SVO | C4: =AVERAGEA(I7:I40) -> 0.1900085 | E4: =AVERAGEA(J7:J40) -> 12.273042 | G4: =AVERAGEA(K7:K40) -> 3.8578834 | I4: =C4*K2 -> 36.481632 | J4: =I4*E4 -> 447.7406 | K4: =K2*G4 -> 740.71362
A5: DATE | B5: FLT NO | C5: AC TYPE | D5: ADULT | E5: CHD | F5: BAGGAGE | H5: CABIN BAGGAGE | I5: PCS per PAX | J5: WGHT per PC | K5: HB WGHT per PAX | N5: STATUS | O5: ADULT+CHD | P5: No of PCS | Q5: WEIGHT | R5: AVERAGE BAG WEIGHT | S5: NO BAG per PAX
F6: PCS | G6: WEIGHT
A7: 46114 | B7: 80 | C7: B738 | D7: 137 | E7: 6 | F7: 23 | G7: 244 | H7: 662 | I7: =F7/(D7+E7) -> 0.16083916 | J7: =G7/F7 -> 10.608696 | K7: =H7/(D7+E7) -> 4.6293706 | N7: PRE | O7: =K2 -> 192 | P7: =I4 -> 36.481632 | Q7: =J4 -> 447.7406 | R7: =Q7/P7 -> 12.273042 | S7: =P7/O7 -> 0.1900085
A8: 46116 | B8: 80 | C8: B738 | D8: 153 | E8: 8 | F8: 25 | G8: 325 | H8: 557 | I8: =F8/(D8+E8) -> 0.1552795 | J8: =G8/F8 -> 13 | K8: =H8/(D8+E8) -> 3.4596273 | N8: LIR DATA/FINAL | O8: =O7 -> 192 | P8: =O8*S7 -> 36.481632 | Q8: =P8*R7 -> 447.7406
A9: 46121 | B9: 80 | C9: B738 | D9: 161 | E9: 7 | F9: 38 | G9: 489 | H9: 624 | I9: =F9/(D9+E9) -> 0.22619048 | J9: =G9/F9 -> 12.868421 | K9: =H9/(D9+E9) -> 3.7142857 | N9: LOAD PLANNING DATA
A10: 46123 | B10: 80 | C10: B738 | D10: 166 | E10: 10 | F10: 34 | G10: 388 | H10: 584 | I10: =F10/(D10+E10) -> 0.19318182 | J10: =G10/F10 -> 11.411765 | K10: =H10/(D10+E10) -> 3.3181818 | N10: ULD | Q10: BULK
A11: 46128 | B11: 80 | C11: A322 | D11: 216 | E11: 4 | F11: 45 | G11: 570 | H11: 880 | I11: =F11/(D11+E11) -> 0.20454545 | J11: =G11/F11 -> 12.666667 | K11: =H11/(D11+E11) -> 4 | N11: ULD NO | O11: NO of PCS | P11: KG per ULD | Q11: POS | R11: NO of PCS | S11: KG per POS
A12: 46130 | B12: 80 | C12: B738 | D12: 163 | E12: 9 | F12: 35 | G12: 421 | H12: 376 | I12: =F12/(D12+E12) -> 0.20348837 | J12: =G12/F12 -> 12.028571 | K12: =H12/(D12+E12) -> 2.1860465 | N12: 1 | O12: 0 | P12: =O12*R7 -> 0 | Q12: 3 | R12: 30 | S12: =R12*R7 -> 368.19126
A13: 46135 | B13: 80 | C13: B738 | D13: 152 | E13: 10 | F13: 32 | G13: 401 | H13: 630 | I13: =F13/(D13+E13) -> 0.19753086 | J13: =G13/F13 -> 12.53125 | K13: =H13/(D13+E13) -> 3.8888889 | N13: 2 | O13: 0 | P13: =O13*R7 -> 0 | Q13: 4 | R13: 13 | S13: =R7*R13 -> 159.54954
A14: 46137 | B14: 80 | C14: B738 | D14: 156 | E14: 6 | F14: 29 | G14: 379 | H14: 918 | I14: =F14/(D14+E14) -> 0.17901235 | J14: =G14/F14 -> 13.068966 | K14: =H14/(D14+E14) -> 5.6666667 | N14: 3 | O14: 1 | P14: =R7*O14 -> 12.273042 | Q14: 5 | S14: =R14*R7 -> 0
N15: 4 | O15: 0 | P15: =R7*O15 -> 0 | Q15: 1 | R15: 0 | S15: =R7*R15 -> 0
N16: 5 | O16: 0 | P16: =R7*O16 -> 0 | R16: 0 | S16: =R7*R16 -> 0
N17: 6 | O17: 0 | P17: =R7*O17 -> 0 | R17: 0 | S17: =R7*R17 -> 0
N18: 7 | O18: 0 | P18: =R7*O18 -> 0 | R18: 0 | S18: =R7*R18 -> 0
N19: 8 | O19: 30 | P19: =R7*O19 -> 368.19126 | R19: 0 | S19: =R7*R19 -> 0
N20: 9 | O20: 50 | P20: =R7*O20 -> 613.65209 | R20: 0 | S20: =R7*R20 -> 0
N21: BULK | O21: 50 | P21: =R7*O21 -> 613.65209 | S21: =R7*R21 -> 0
N22: REST | O22: =P8-O12-O13-O14-O15-O16-O17-O18-O19-O20-O21 -> -94.518368 | P22: =Q8-P12-P13-P14-P15-P16-P17-P18-P19-P20-P21 -> -1160.0279 | Q22: REST | R22: =P8-R12-R13-R14-R15-R16-R17-R18-R19-R20-R21 -> -6.5183681 | S22: =Q8-S12-S13-S14-S15-S16-S17-S18-S19-S20-S21 -> -80.000205
N23: TOTAL | O23: =O12+O13+O14+O15+O16+O17+O18+O19+O20+O21 -> 131 | P23: =P12+P13+P14+P15+P16+P17+P18+P19+P20+P21 -> 1607.7685 | Q23: TOTAL | R23: =R12+R13+R14+R15+R16+R17+R18+R19+R20+R21 -> 43 | S23: =S12+S13+S14+S15+S16+S17+S18+S19+S20+S21 -> 527.7408

Sheet REN82_SVO 03_2024
A1: AVERAGE BAGGAGE WEIGHT TABLE | I1: Preliminary PAYLOAD
A2: FROM | B2: TO | C2: AVERAGE | I2: PAX NO ADL+CHD | K2: 168
C3: PCS per PAX | E3: WGHT per PC | G3: HB WGHT per PAX | I3: PCS per FLT | J3: BAGGAGE WGHT | K3: HB WGHT
A4: REN | B4: SVO | C4: =AVERAGEA(I7:I32) -> 0.22075449 | E4: =AVERAGEA(J7:J33) -> 13.372259 | G4: =AVERAGEA(K7:K31) -> 1.7655839 | I4: =C4*K2 -> 37.086754 | J4: =I4*E4 -> 495.93367 | K4: =K2*G4 -> 296.61809
A5: DATE | B5: FLT NO | C5: AC TYPE | D5: ADULT | E5: CHD | F5: BAGGAGE | H5: CABIN BAGGAGE | I5: PCS per PAX | J5: WGHT per PC | K5: HB WGHT per PAX | N5: STATUS | O5: ADULT+CHD | P5: No of PCS | Q5: WEIGHT | R5: AVERAGE BAG WEIGHT | S5: NO BAG per PAX
F6: PCS | G6: WEIGHT
A7: 45354 | B7: 82 | C7: A322 | D7: 149 | E7: 6 | F7: 33 | G7: 453 | H7: 258 | I7: =F7/(D7+E7) -> 0.21290323 | J7: =G7/F7 -> 13.727273 | K7: =H7/(D7+E7) -> 1.6645161 | N7: PRE | O7: =K2 -> 168 | P7: =I4 -> 37.086754 | Q7: =J4 -> 495.93367 | R7: =Q7/P7 -> 13.372259 | S7: =P7/O7 -> 0.22075449
A8: 45361 | B8: 82 | C8: B738 | D8: 183 | E8: 6 | F8: 41 | G8: 532 | H8: 562 | I8: =F8/(D8+E8) -> 0.21693122 | J8: =G8/F8 -> 12.97561 | K8: =H8/(D8+E8) -> 2.973545 | N8: LIR DATA/FINAL | O8: =O7 -> 168 | P8: =O8*S7 -> 37.086754 | Q8: =P8*R7 -> 495.93367
A9: 45368 | B9: 82 | C9: A322 | D9: 181 | E9: 11 | F9: 32 | G9: 401 | H9: 322 | I9: =F9/(D9+E9) -> 0.16666667 | J9: =G9/F9 -> 12.53125 | K9: =H9/(D9+E9) -> 1.6770833 | N9: LOAD PLANNING DATA
A10: 45375 | B10: 82 | C10: B738 | D10: 161 | E10: 17 | F10: 51 | G10: 727 | H10: 133 | I10: =F10/(D10+E10) -> 0.28651685 | J10: =G10/F10 -> 14.254902 | K10: =H10/(D10+E10) -> 0.74719101 | N10: ULD | Q10: BULK
N11: ULD NO | O11: NO of PCS | P11: KG per ULD | Q11: POS | R11: NO of PCS | S11: KG per POS
N12: 1 | O12: 0 | P12: =O12*R7 -> 0 | Q12: 3 | R12: 35 | S12: =R12*R7 -> 468.02905
N13: 2 | O13: 0 | P13: =O13*R7 -> 0 | Q13: 4 | R13: 16 | S13: =R7*R13 -> 213.95614
N14: 3 | O14: 1 | P14: =R7*O14 -> 13.372259 | Q14: 5 | R14: 0 | S14: =R14*R7 -> 0
N15: 4 | O15: 0 | P15: =R7*O15 -> 0 | Q15: 1 | R15: 0 | S15: =R7*R15 -> 0
N16: 5 | O16: 0 | P16: =R7*O16 -> 0 | R16: 0 | S16: =R7*R16 -> 0
N17: 6 | O17: 0 | P17: =R7*O17 -> 0 | R17: 0 | S17: =R7*R17 -> 0
N18: 7 | O18: 0 | P18: =R7*O18 -> 0 | R18: 0 | S18: =R7*R18 -> 0
N19: 8 | O19: 30 | P19: =R7*O19 -> 401.16776 | R19: 0 | S19: =R7*R19 -> 0
N20: 9 | O20: 50 | P20: =R7*O20 -> 668.61293 | R20: 0 | S20: =R7*R20 -> 0
N21: BULK | O21: 50 | P21: =R7*O21 -> 668.61293 | S21: =R7*R21 -> 0
N22: REST | O22: =P8-O12-O13-O14-O15-O16-O17-O18-O19-O20-O21 -> -93.913246 | P22: =Q8-P12-P13-P14-P15-P16-P17-P18-P19-P20-P21 -> -1255.8322 | Q22: REST | R22: =P8-R12-R13-R14-R15-R16-R17-R18-R19-R20-R21 -> -13.913246 | S22: =Q8-S12-S13-S14-S15-S16-S17-S18-S19-S20-S21 -> -186.05152
N23: TOTAL | O23: =O12+O13+O14+O15+O16+O17+O18+O19+O20+O21 -> 131 | P23: =P12+P13+P14+P15+P16+P17+P18+P19+P20+P21 -> 1751.7659 | Q23: TOTAL | R23: =R12+R13+R14+R15+R16+R17+R18+R19+R20+R21 -> 51 | S23: =S12+S13+S14+S15+S16+S17+S18+S19+S20+S21 -> 681.98519

Sheet REN84_SVO 10_2024
A1: AVERAGE BAGGAGE WEIGHT TABLE | I1: Preliminary PAYLOAD
A2: FROM | B2: TO | C2: AVERAGE | I2: PAX NO ADL+CHD | K2: 188
C3: PCS per PAX | E3: WGHT per PC | G3: HB WGHT per PAX | I3: PCS per FLT | J3: BAGGAGE WGHT | K3: HB WGHT
A4: REN | B4: SVO | C4: =AVERAGEA(I7:I40) -> 0.14799139 | E4: =AVERAGEA(J7:J40) -> 13.830783 | G4: =AVERAGEA(K7:K40) -> 2.1394736 | I4: =C4*K2 -> 27.822381 | J4: =I4*E4 -> 384.80532 | K4: =K2*G4 -> 402.22103
A5: DATE | B5: FLT NO | C5: AC TYPE | D5: ADULT | E5: CHD | F5: BAGGAGE | H5: CABIN BAGGAGE | I5: PCS per PAX | J5: WGHT per PC | K5: HB WGHT per PAX
F6: PCS | G6: WEIGHT
A7: 45567 | B7: 84 | C7: B738 | D7: 168 | E7: 8 | F7: 25 | G7: 364 | H7: 491 | I7: =F7/(D7+E7) -> 0.14204545 | J7: =G7/F7 -> 14.56 | K7: =H7/(D7+E7) -> 2.7897727
A8: 45571 | B8: 84 | C8: B738 | D8: 165 | E8: 5 | F8: 26 | G8: 371 | H8: 325 | I8: =F8/(D8+E8) -> 0.15294118 | J8: =G8/F8 -> 14.269231 | K8: =H8/(D8+E8) -> 1.9117647
A9: 45574 | B9: 84 | C9: B738 | D9: 169 | E9: 11 | F9: 24 | G9: 300 | H9: 108 | I9: =F9/(D9+E9) -> 0.13333333 | J9: =G9/F9 -> 12.5 | K9: =H9/(D9+E9) -> 0.6
A10: 45578 | B10: 84 | C10: B738 | D10: 151 | E10: 9 | F10: 23 | G10: 297 | H10: 263 | I10: =F10/(D10+E10) -> 0.14375 | J10: =G10/F10 -> 12.913043 | K10: =H10/(D10+E10) -> 1.64375
A11: 45581 | B11: 84 | C11: B738 | D11: 177 | E11: 8 | F11: 33 | G11: 473 | H11: 528 | I11: =F11/(D11+E11) -> 0.17837838 | J11: =G11/F11 -> 14.333333 | K11: =H11/(D11+E11) -> 2.8540541
A12: 45585 | B12: 84 | C12: B738 | D12: 154 | E12: 6 | F12: 22 | G12: 317 | H12: 486 | I12: =F12/(D12+E12) -> 0.1375 | J12: =G12/F12 -> 14.409091 | K12: =H12/(D12+E12) -> 3.0375

Sheet REN78_SVO 04_2026
A1: AVERAGE BAGGAGE WEIGHT TABLE | I1: Preliminary PAYLOAD
A2: FROM | B2: TO | C2: AVERAGE | I2: PAX NO ADL+CHD | K2: 175
C3: PCS per PAX | E3: WGHT per PC | G3: HB WGHT per PAX | I3: PCS per FLT | J3: BAGGAGE WGHT | K3: HB WGHT
A4: REN | B4: SVO | C4: =AVERAGEA(I7:I40) -> 0.21208065 | E4: =AVERAGEA(J7:J40) -> 13.124053 | G4: =AVERAGEA(K7:K40) -> 3.8342714 | I4: =C4*K2 -> 37.114114 | J4: =I4*E4 -> 487.08759 | K4: =K2*G4 -> 670.99749
A5: DATE | B5: FLT NO | C5: AC TYPE | D5: ADULT | E5: CHD | F5: BAGGAGE | H5: CABIN BAGGAGE | I5: PCS per PAX | J5: WGHT per PC | K5: HB WGHT per PAX | N5: STATUS | O5: ADULT+CHD | P5: No of PCS | Q5: WEIGHT | R5: AVERAGE BAG WEIGHT | S5: NO BAG per PAX
F6: PCS | G6: WEIGHT
A7: 46113 | B7: 78 | C7: B738 | D7: 121 | E7: 6 | F7: 18 | G7: 246 | H7: 702 | I7: =F7/(D7+E7) -> 0.14173228 | J7: =G7/F7 -> 13.666667 | K7: =H7/(D7+E7) -> 5.5275591 | N7: PRE | O7: =K2 -> 175 | P7: =I4 -> 37.114114 | Q7: =J4 -> 487.08759 | R7: =Q7/P7 -> 13.124053 | S7: =P7/O7 -> 0.21208065
A8: 46115 | B8: 78 | C8: B738 | D8: 156 | E8: 8 | F8: 36 | G8: 442 | H8: 596 | I8: =F8/(D8+E8) -> 0.2195122 | J8: =G8/F8 -> 12.277778 | K8: =H8/(D8+E8) -> 3.6341463 | N8: LIR DATA/FINAL | O8: =O7 -> 175 | P8: =O8*S7 -> 37.114114 | Q8: =P8*R7 -> 487.08759
A9: 46117 | B9: 78 | C9: A32Q | D9: 189 | E9: 9 | F9: 51 | G9: 673 | H9: 700 | I9: =F9/(D9+E9) -> 0.25757576 | J9: =G9/F9 -> 13.196078 | K9: =H9/(D9+E9) -> 3.5353535 | N9: LOAD PLANNING DATA
A10: 46118 | B10: 78 | C10: B738 | D10: 146 | E10: 11 | F10: 35 | G10: 443 | H10: 508 | I10: =F10/(D10+E10) -> 0.22292994 | J10: =G10/F10 -> 12.657143 | K10: =H10/(D10+E10) -> 3.2356688 | N10: ULD | Q10: BULK
A11: 46119 | B11: 78 | C11: B738 | D11: 161 | E11: 9 | F11: 39 | G11: 547 | H11: 637 | I11: =F11/(D11+E11) -> 0.22941176 | J11: =G11/F11 -> 14.025641 | K11: =H11/(D11+E11) -> 3.7470588 | N11: ULD NO | O11: NO of PCS | P11: KG per ULD | Q11: POS | R11: NO of PCS | S11: KG per POS
A12: 46120 | B12: 78 | C12: B738 | D12: 131 | E12: 11 | F12: 10 | G12: 158 | H12: 692 | I12: =F12/(D12+E12) -> 0.070422535 | J12: =G12/F12 -> 15.8 | K12: =H12/(D12+E12) -> 4.8732394 | N12: 1 | O12: 0 | P12: =O12*R7 -> 0 | Q12: 3 | R12: 113 | S12: =R12*R7 -> 1483.018
A13: 46122 | B13: 78 | C13: B738 | D13: 164 | E13: 2 | F13: 39 | G13: 528 | H13: 702 | I13: =F13/(D13+E13) -> 0.23493976 | J13: =G13/F13 -> 13.538462 | K13: =H13/(D13+E13) -> 4.2289157 | N13: 2 | O13: 0 | P13: =O13*R7 -> 0 | Q13: 4 | R13: 30 | S13: =R7*R13 -> 393.72158
A14: 46124 | B14: 78 | C14: B738 | D14: 179 | E14: 7 | F14: 64 | G14: 778 | H14: 646 | I14: =F14/(D14+E14) -> 0.34408602 | J14: =G14/F14 -> 12.15625 | K14: =H14/(D14+E14) -> 3.4731183 | N14: 3 | O14: 1 | P14: =R7*O14 -> 13.124053 | Q14: 5 | R14: 35 | S14: =R14*R7 -> 459.34185
A15: 46125 | B15: 78 | C15: B738 | D15: 159 | E15: 7 | F15: 38 | G15: 562 | H15: 648 | I15: =F15/(D15+E15) -> 0.22891566 | J15: =G15/F15 -> 14.789474 | K15: =H15/(D15+E15) -> 3.9036145 | N15: 4 | O15: 0 | P15: =R7*O15 -> 0 | Q15: 1 | R15: 0 | S15: =R7*R15 -> 0
A16: 46126 | B16: 78 | C16: B738 | D16: 179 | E16: 8 | F16: 44 | G16: 537 | H16: 800 | I16: =F16/(D16+E16) -> 0.23529412 | J16: =G16/F16 -> 12.204545 | K16: =H16/(D16+E16) -> 4.2780749 | N16: 5 | O16: 0 | P16: =R7*O16 -> 0 | R16: 0 | S16: =R7*R16 -> 0
A17: 46127 | B17: 78 | C17: A322 | D17: 194 | E17: 11 | F17: 28 | G17: 408 | H17: 492 | I17: =F17/(D17+E17) -> 0.13658537 | J17: =G17/F17 -> 14.571429 | K17: =H17/(D17+E17) -> 2.4 | N17: 6 | O17: 0 | P17: =R7*O17 -> 0 | R17: 0 | S17: =R7*R17 -> 0
A18: 46129 | B18: 78 | C18: B738 | D18: 171 | E18: 7 | F18: 28 | G18: 366 | H18: 522 | I18: =F18/(D18+E18) -> 0.15730337 | J18: =G18/F18 -> 13.071429 | K18: =H18/(D18+E18) -> 2.9325843 | N18: 7 | O18: 0 | P18: =R7*O18 -> 0 | R18: 0 | S18: =R7*R18 -> 0
A19: 46131 | B19: 78 | C19: B738 | D19: 167 | E19: 4 | F19: 60 | G19: 780 | H19: 952 | I19: =F19/(D19+E19) -> 0.35087719 | J19: =G19/F19 -> 13 | K19: =H19/(D19+E19) -> 5.5672515 | N19: 8 | O19: 30 | P19: =R7*O19 -> 393.72158 | R19: 0 | S19: =R7*R19 -> 0
A20: 46132 | B20: 78 | C20: B738 | D20: 158 | E20: 5 | F20: 30 | G20: 397 | H20: 520 | I20: =F20/(D20+E20) -> 0.18404908 | J20: =G20/F20 -> 13.233333 | K20: =H20/(D20+E20) -> 3.190184 | N20: 9 | O20: 50 | P20: =R7*O20 -> 656.20264 | R20: 0 | S20: =R7*R20 -> 0
A21: 46133 | B21: 78 | C21: B738 | D21: 164 | E21: 5 | F21: 39 | G21: 438 | H21: 516 | I21: =F21/(D21+E21) -> 0.23076923 | J21: =G21/F21 -> 11.230769 | K21: =H21/(D21+E21) -> 3.0532544 | N21: BULK | O21: 50 | P21: =R7*O21 -> 656.20264 | S21: =R7*R21 -> 0
A22: 46134 | B22: 78 | C22: B738 | D22: 140 | E22: 8 | F22: 20 | G22: 250 | H22: 567 | I22: =F22/(D22+E22) -> 0.13513514 | J22: =G22/F22 -> 12.5 | K22: =H22/(D22+E22) -> 3.8310811 | N22: REST | O22: =P8-O12-O13-O14-O15-O16-O17-O18-O19-O20-O21 -> -93.885886 | P22: =Q8-P12-P13-P14-P15-P16-P17-P18-P19-P20-P21 -> -1232.1633 | Q22: REST | R22: =P8-R12-R13-R14-R15-R16-R17-R18-R19-R20-R21 -> -140.88589 | S22: =Q8-S12-S13-S14-S15-S16-S17-S18-S19-S20-S21 -> -1848.9938
A23: 46136 | B23: 78 | C23: B738 | D23: 167 | E23: 6 | F23: 32 | G23: 368 | H23: 693 | I23: =F23/(D23+E23) -> 0.1849711 | J23: =G23/F23 -> 11.5 | K23: =H23/(D23+E23) -> 4.0057803 | N23: TOTAL | O23: =O12+O13+O14+O15+O16+O17+O18+O19+O20+O21 -> 131 | P23: =P12+P13+P14+P15+P16+P17+P18+P19+P20+P21 -> 1719.2509 | Q23: TOTAL | R23: =R12+R13+R14+R15+R16+R17+R18+R19+R20+R21 -> 178 | S23: =S12+S13+S14+S15+S16+S17+S18+S19+S20+S21 -> 2336.0814
A24: 46138 | B24: 78 | C24: B738 | D24: 160 | E24: 10 | F24: 43 | G24: 551 | H24: 612 | I24: =F24/(D24+E24) -> 0.25294118 | J24: =G24/F24 -> 12.813953 | K24: =H24/(D24+E24) -> 3.6

Sheet REN_LED 07_2026
A1: AVERAGE BAGGAGE WEIGHT TABLE | I1: Preliminary PAYLOAD
A2: FROM | B2: TO | C2: AVERAGE | I2: PAX NO ADL+CHD | K2: 185
C3: PCS per PAX | E3: WGHT per PC | G3: HB WGHT per PAX | I3: PCS per FLT | J3: BAGGAGE WGHT | K3: HB WGHT
A4: REN | B4: LED | C4: =AVERAGEA(I7:I40) -> 0.39859067 | E4: =AVERAGEA(J7:J40) -> 13.584612 | G4: =AVERAGEA(K7:K40) -> 2.0559171 | I4: =C4*K2 -> 73.739274 | J4: =I4*E4 -> 1001.7194 | K4: =K2*G4 -> 380.34467
A5: DATE | B5: FLT NO | C5: AC TYPE | D5: ADULT | E5: CHD | F5: BAGGAGE | H5: CABIN BAGGAGE | I5: PCS per PAX | J5: WGHT per PC | K5: HB WGHT per PAX | N5: STATUS | O5: ADULT+CHD | P5: No of PCS | Q5: WEIGHT | R5: AVERAGE BAG WEIGHT | S5: NO BAG per PAX
F6: PCS | G6: WEIGHT
A7: 46204 | B7: 268 | C7: B738 | D7: 161 | E7: 13 | F7: 68 | G7: 879 | H7: 204 | I7: =F7/(D7+E7) -> 0.3908046 | J7: =G7/F7 -> 12.926471 | K7: =H7/(D7+E7) -> 1.1724138 | N7: PRE | O7: =K2 -> 185 | P7: =I4 -> 73.739274 | Q7: =J4 -> 1001.7194 | R7: =Q7/P7 -> 13.584612 | S7: =P7/O7 -> 0.39859067
A8: 46206 | B8: 268 | C8: B738 | D8: 154 | E8: 17 | F8: 58 | G8: 832 | H8: 571 | I8: =F8/(D8+E8) -> 0.33918129 | J8: =G8/F8 -> 14.344828 | K8: =H8/(D8+E8) -> 3.3391813 | N8: LIR DATA/FINAL | O8: =O7 -> 185 | P8: =O8*S7 -> 73.739274 | Q8: =P8*R7 -> 1001.7194
A9: 46208 | B9: 268 | C9: B738 | D9: 162 | E9: 18 | F9: 72 | G9: 979 | H9: 148 | I9: =F9/(D9+E9) -> 0.4 | J9: =G9/F9 -> 13.597222 | K9: =H9/(D9+E9) -> 0.82222222 | N9: LOAD PLANNING DATA
A10: 46211 | B10: 268 | C10: B738 | D10: 166 | E10: 15 | F10: 66 | G10: 946 | H10: 666 | I10: =F10/(D10+E10) -> 0.36464088 | J10: =G10/F10 -> 14.333333 | K10: =H10/(D10+E10) -> 3.679558 | N10: ULD | Q10: BULK
A11: 46213 | B11: 268 | C11: B738 | D11: 168 | E11: 17 | F11: 64 | G11: 846 | H11: 380 | I11: =F11/(D11+E11) -> 0.34594595 | J11: =G11/F11 -> 13.21875 | K11: =H11/(D11+E11) -> 2.0540541 | N11: ULD NO | O11: NO of PCS | P11: KG per ULD | Q11: POS | R11: NO of PCS | S11: KG per POS
A12: 46215 | B12: 268 | C12: B738 | D12: 159 | E12: 17 | F12: 57 | G12: 763 | H12: 293 | I12: =F12/(D12+E12) -> 0.32386364 | J12: =G12/F12 -> 13.385965 | K12: =H12/(D12+E12) -> 1.6647727 | N12: 1 | O12: 35 | P12: =O12*R7 -> 475.46141 | Q12: 3 | R12: 35 | S12: =R12*R7 -> 475.46141
A13: 46218 | B13: 268 | C13: B738 | D13: 166 | E13: 13 | F13: 112 | G13: 1488 | H13: 297 | I13: =F13/(D13+E13) -> 0.62569832 | J13: =G13/F13 -> 13.285714 | K13: =H13/(D13+E13) -> 1.6592179 | N13: 2 | O13: 35 | P13: =O13*R7 -> 475.46141 | Q13: 4 | R13: 35 | S13: =R7*R13 -> 475.46141
N14: 3 | O14: 35 | P14: =R7*O14 -> 475.46141 | Q14: 5 | R14: 30 | S14: =R14*R7 -> 407.53836
N15: 4 | O15: 35 | P15: =R7*O15 -> 475.46141 | Q15: 1 | R15: 0 | S15: =R7*R15 -> 0
N16: 5 | O16: 0 | P16: =R7*O16 -> 0 | R16: 0 | S16: =R7*R16 -> 0
N17: 6 | O17: 0 | P17: =R7*O17 -> 0 | R17: 0 | S17: =R7*R17 -> 0
N18: 7 | O18: 0 | P18: =R7*O18 -> 0 | R18: 0 | S18: =R7*R18 -> 0
N19: 8 | O19: 0 | P19: =R7*O19 -> 0 | R19: 0 | S19: =R7*R19 -> 0
N20: 9 | O20: 0 | P20: =R7*O20 -> 0 | R20: 0 | S20: =R7*R20 -> 0
N21: BULK | O21: 0 | P21: =R7*O21 -> 0 | S21: =R7*R21 -> 0
N22: REST | O22: =P8-O12-O13-O14-O15-O16-O17-O18-O19-O20-O21 -> -66.260726 | P22: =Q8-P12-P13-P14-P15-P16-P17-P18-P19-P20-P21 -> -900.12625 | Q22: REST | R22: =P8-R12-R13-R14-R15-R16-R17-R18-R19-R20-R21 -> -26.260726 | S22: =Q8-S12-S13-S14-S15-S16-S17-S18-S19-S20-S21 -> -356.74178
N23: TOTAL | O23: =O12+O13+O14+O15+O16+O17+O18+O19+O20+O21 -> 140 | P23: =P12+P13+P14+P15+P16+P17+P18+P19+P20+P21 -> 1901.8457 | Q23: TOTAL | R23: =R12+R13+R14+R15+R16+R17+R18+R19+R20+R21 -> 100 | S23: =S12+S13+S14+S15+S16+S17+S18+S19+S20+S21 -> 1358.4612

Sheet REN_MCX 10_2024
A1: AVERAGE BAGGAGE WEIGHT TABLE | I1: Preliminary PAYLOAD
A2: FROM | B2: TO | C2: AVERAGE | I2: PAX NO ADL+CHD | K2: 150
C3: PCS per PAX | E3: WGHT per PC | G3: HB WGHT per PAX | I3: PCS per FLT | J3: BAGGAGE WGHT | K3: HB WGHT
A4: REN | B4: MCX | C4: =AVERAGEA(I7:I56) -> 0.68312899 | E4: =AVERAGEA(J7:J56) -> 10.545908 | G4: =AVERAGEA(K7:K56) -> 1.3712638 | I4: =C4*K2 -> 102.46935 | J4: =I4*E4 -> 1080.6323 | K4: =K2*G4 -> 205.68957
A5: DATE | B5: FLT NO | C5: AC TYPE | D5: ADULT | E5: CHD | F5: BAGGAGE | H5: CABIN BAGGAGE | I5: PCS per PAX | J5: WGHT per PC | K5: HB WGHT per PAX | N5: STATUS | O5: ADULT+CHD | P5: No of PCS | Q5: WEIGHT | R5: AVERAGE BAG WEIGHT | S5: NO BAG per PAX
F6: PCS | G6: WEIGHT
A7: 45567 | B7: EO956 | C7: E90 | D7: 91 | E7: 6 | F7: 67 | G7: 746 | H7: 351 | I7: =F7/(D7+E7) -> 0.69072165 | J7: =G7/F7 -> 11.134328 | K7: =H7/(D7+E7) -> 3.6185567 | N7: PRE | O7: =K2 -> 150 | P7: =I4 -> 102.46935 | Q7: =J4 -> 1080.6323 | R7: =Q7/P7 -> 10.545908 | S7: =P7/O7 -> 0.68312899
A8: 45570 | B8: EO956 | C8: E90 | D8: 108 | E8: 0 | F8: 82 | G8: 850 | H8: 130 | I8: =F8/(D8+E8) -> 0.75925926 | J8: =G8/F8 -> 10.365854 | K8: =H8/(D8+E8) -> 1.2037037 | N8: LIR DATA/FINAL | O8: =O7 -> 150 | P8: =O8*S7 -> 102.46935 | Q8: =P8*R7 -> 1080.6323
A9: 45574 | B9: EO956 | C9: E90 | D9: 92 | E9: 1 | F9: 64 | G9: 727 | H9: 38 | I9: =F9/(D9+E9) -> 0.68817204 | J9: =G9/F9 -> 11.359375 | K9: =H9/(D9+E9) -> 0.40860215 | N9: LOAD PLANNING DATA
A10: 45577 | B10: EO956 | C10: E90 | D10: 83 | E10: 9 | F10: 63 | G10: 699 | H10: 69 | I10: =F10/(D10+E10) -> 0.68478261 | J10: =G10/F10 -> 11.095238 | K10: =H10/(D10+E10) -> 0.75 | N10: ULD | Q10: BULK
A11: 45581 | B11: EO956 | C11: E90 | D11: 69 | E11: 4 | F11: 46 | G11: 456 | H11: 5 | I11: =F11/(D11+E11) -> 0.63013699 | J11: =G11/F11 -> 9.9130435 | K11: =H11/(D11+E11) -> 0.068493151 | N11: ULD NO | O11: NO of PCS | P11: KG per ULD | Q11: POS | R11: NO of PCS | S11: KG per POS
A12: 45584 | B12: EO956 | C12: E90 | D12: 97 | E12: 9 | F12: 74 | G12: 736 | H12: 246 | I12: =F12/(D12+E12) -> 0.69811321 | J12: =G12/F12 -> 9.9459459 | K12: =H12/(D12+E12) -> 2.3207547 | N12: 1 | O12: 0 | P12: =O12*R7 -> 0 | Q12: 3 | R12: 35 | S12: =R12*R7 -> 369.10676
A13: 45588 | B13: EO956 | C13: E90 | D13: 100 | E13: 4 | F13: 68 | G13: 628 | H13: 156 | I13: =F13/(D13+E13) -> 0.65384615 | J13: =G13/F13 -> 9.2352941 | K13: =H13/(D13+E13) -> 1.5 | N13: 2 | O13: 0 | P13: =O13*R7 -> 0 | Q13: 4 | R13: 18 | S13: =R7*R13 -> 189.82634
A14: 45591 | B14: EO956 | C14: E90 | D14: 94 | E14: 6 | F14: 66 | G14: 747 | H14: 110 | I14: =F14/(D14+E14) -> 0.66 | J14: =G14/F14 -> 11.318182 | K14: =H14/(D14+E14) -> 1.1 | N14: 3 | O14: 1 | P14: =R7*O14 -> 10.545908 | Q14: 5 | R14: 0 | S14: =R14*R7 -> 0
N15: 4 | O15: 0 | P15: =R7*O15 -> 0 | Q15: 1 | R15: 0 | S15: =R7*R15 -> 0
N16: 5 | O16: 0 | P16: =R7*O16 -> 0 | R16: 0 | S16: =R7*R16 -> 0
N17: 6 | O17: 0 | P17: =R7*O17 -> 0 | R17: 0 | S17: =R7*R17 -> 0
N18: 7 | O18: 0 | P18: =R7*O18 -> 0 | R18: 0 | S18: =R7*R18 -> 0
N19: 8 | O19: 30 | P19: =R7*O19 -> 316.37723 | R19: 0 | S19: =R7*R19 -> 0
N20: 9 | O20: 50 | P20: =R7*O20 -> 527.29538 | R20: 0 | S20: =R7*R20 -> 0
N21: BULK | O21: 50 | P21: =R7*O21 -> 527.29538 | S21: =R7*R21 -> 0
N22: REST | O22: =P8-O12-O13-O14-O15-O16-O17-O18-O19-O20-O21 -> -28.530652 | P22: =Q8-P12-P13-P14-P15-P16-P17-P18-P19-P20-P21 -> -300.88162 | Q22: REST | R22: =P8-R12-R13-R14-R15-R16-R17-R18-R19-R20-R21 -> 49.469348 | S22: =Q8-S12-S13-S14-S15-S16-S17-S18-S19-S20-S21 -> 521.69917
N23: TOTAL | O23: =O12+O13+O14+O15+O16+O17+O18+O19+O20+O21 -> 131 | P23: =P12+P13+P14+P15+P16+P17+P18+P19+P20+P21 -> 1381.5139 | Q23: TOTAL | R23: =R12+R13+R14+R15+R16+R17+R18+R19+R20+R21 -> 53 | S23: =S12+S13+S14+S15+S16+S17+S18+S19+S20+S21 -> 558.9331

Sheet REN_MRV 03_2025
A1: AVERAGE BAGGAGE WEIGHT TABLE | I1: Preliminary PAYLOAD
A2: FROM | B2: TO | C2: AVERAGE | I2: PAX NO ADL+CHD | K2: 108
C3: PCS per PAX | E3: WGHT per PC | G3: HB WGHT per PAX | I3: PCS per FLT | J3: BAGGAGE WGHT | K3: HB WGHT
A4: REN | B4: MRV | C4: =AVERAGEA(I7:I40) -> 0.91396205 | E4: =AVERAGEA(J7:J40) -> 11.768496 | G4: =AVERAGEA(K7:K40) -> 0.79722458 | I4: =C4*K2 -> 98.707901 | J4: =I4*E4 -> 1161.6436 | K4: =K2*G4 -> 86.100255
A5: DATE | B5: FLT NO | C5: AC TYPE | D5: ADULT | E5: CHD | F5: BAGGAGE | H5: CABIN BAGGAGE | I5: PCS per PAX | J5: WGHT per PC | K5: HB WGHT per PAX | N5: STATUS | O5: ADULT+CHD | P5: No of PCS | Q5: WEIGHT | R5: AVERAGE BAG WEIGHT | S5: NO BAG per PAX
F6: PCS | G6: WEIGHT
A7: 45717 | B7: EO814 | C7: E90 | D7: 104 | E7: 3 | F7: 93 | G7: 1138 | H7: 110 | I7: =F7/(D7+E7) -> 0.86915888 | J7: =G7/F7 -> 12.236559 | K7: =H7/(D7+E7) -> 1.0280374 | N7: PRE | O7: =K2 -> 108 | P7: =I4 -> 98.707901 | Q7: =J4 -> 1161.6436 | R7: =Q7/P7 -> 11.768496 | S7: =P7/O7 -> 0.91396205
A8: 45724 | B8: EO814 | C8: E90 | D8: 106 | E8: 4 | F8: 105 | G8: 1156 | H8: 89 | I8: =F8/(D8+E8) -> 0.95454545 | J8: =G8/F8 -> 11.009524 | K8: =H8/(D8+E8) -> 0.80909091 | N8: LIR DATA/FINAL | O8: =O7 -> 108 | P8: =O8*S7 -> 98.707901 | Q8: =P8*R7 -> 1161.6436
A9: 45731 | B9: EO814 | C9: E90 | D9: 102 | E9: 8 | F9: 101 | G9: 1218 | H9: 61 | I9: =F9/(D9+E9) -> 0.91818182 | J9: =G9/F9 -> 12.059406 | K9: =H9/(D9+E9) -> 0.55454545 | N9: LOAD PLANNING DATA
N10: ULD | Q10: BULK
N11: ULD NO | O11: NO of PCS | P11: KG per ULD | Q11: POS | R11: NO of PCS | S11: KG per POS
N12: 1 | O12: 0 | P12: =O12*R7 -> 0 | Q12: 3 | R12: 35 | S12: =R12*R7 -> 411.89737
N13: 2 | O13: 0 | P13: =O13*R7 -> 0 | Q13: 4 | R13: 37 | S13: =R7*R13 -> 435.43436
N14: 3 | O14: 1 | P14: =R7*O14 -> 11.768496 | Q14: 5 | R14: 0 | S14: =R14*R7 -> 0
N15: 4 | O15: 0 | P15: =R7*O15 -> 0 | Q15: 1 | R15: 0 | S15: =R7*R15 -> 0
N16: 5 | O16: 0 | P16: =R7*O16 -> 0 | R16: 0 | S16: =R7*R16 -> 0
N17: 6 | O17: 0 | P17: =R7*O17 -> 0 | R17: 0 | S17: =R7*R17 -> 0
N18: 7 | O18: 0 | P18: =R7*O18 -> 0 | R18: 0 | S18: =R7*R18 -> 0
N19: 8 | O19: 30 | P19: =R7*O19 -> 353.05489 | R19: 0 | S19: =R7*R19 -> 0
N20: 9 | O20: 50 | P20: =R7*O20 -> 588.42481 | R20: 0 | S20: =R7*R20 -> 0
N21: BULK | O21: 50 | P21: =R7*O21 -> 588.42481 | S21: =R7*R21 -> 0
N22: REST | O22: =P8-O12-O13-O14-O15-O16-O17-O18-O19-O20-O21 -> -32.292099 | P22: =Q8-P12-P13-P14-P15-P16-P17-P18-P19-P20-P21 -> -380.02944 | Q22: REST | R22: =P8-R12-R13-R14-R15-R16-R17-R18-R19-R20-R21 -> 26.707901 | S22: =Q8-S12-S13-S14-S15-S16-S17-S18-S19-S20-S21 -> 314.31184
N23: TOTAL | O23: =O12+O13+O14+O15+O16+O17+O18+O19+O20+O21 -> 131 | P23: =P12+P13+P14+P15+P16+P17+P18+P19+P20+P21 -> 1541.673 | Q23: TOTAL | R23: =R12+R13+R14+R15+R16+R17+R18+R19+R20+R21 -> 72 | S23: =S12+S13+S14+S15+S16+S17+S18+S19+S20+S21 -> 847.33173

Sheet REN_MQF 10_2025
A1: AVERAGE BAGGAGE WEIGHT TABLE | I1: Preliminary PAYLOAD
A2: FROM | B2: TO | C2: AVERAGE | I2: PAX NO ADL+CHD | K2: 200
C3: PCS per PAX | E3: WGHT per PC | G3: HB WGHT per PAX | I3: PCS per FLT | J3: BAGGAGE WGHT | K3: HB WGHT
A4: REN | B4: MQF | C4: =AVERAGEA(I7:I44) -> 0.42727273 | E4: =AVERAGEA(J7:J44) -> 12.382979 | G4: =AVERAGEA(K7:K44) -> 0 | I4: =C4*K2 -> 85.454545 | J4: =I4*E4 -> 1058.1818 | K4: =K2*G4 -> 0
A5: DATE | B5: FLT NO | C5: AC TYPE | D5: ADULT | E5: CHD | F5: BAGGAGE | H5: CABIN BAGGAGE | I5: PCS per PAX | J5: WGHT per PC | K5: HB WGHT per PAX
F6: PCS | G6: WEIGHT
A7: 45956 | B7: 341 | C7: B738 | D7: 98 | E7: 12 | F7: 47 | G7: 582 | H7: 0 | I7: =F7/(D7+E7) -> 0.42727273 | J7: =G7/F7 -> 12.382979 | K7: =H7/(D7+E7) -> 0

Sheet REN_KGD 10_2025
A1: AVERAGE BAGGAGE WEIGHT TABLE | I1: Preliminary PAYLOAD
A2: FROM | B2: TO | C2: AVERAGE | I2: PAX NO ADL+CHD | K2: 141
C3: PCS per PAX | E3: WGHT per PC | G3: HB WGHT per PAX | I3: PCS per FLT | J3: BAGGAGE WGHT
A4: REN | B4: KGD | C4: =AVERAGEA(I7:I49) -> 0.67022433 | E4: =AVERAGEA(J7:J49) -> 12.381971 | G4: =AVERAGEA(K7:K49) -> 0.69377058 | I4: =C4*K2 -> 94.501631 | J4: =I4*E4 -> 1170.1164 | K4: =K2*G4 -> 97.821652
A5: DATE | B5: FLT NO | C5: AC TYPE | D5: ADULT | E5: CHD | F5: BAGGAGE | H5: CABIN BAGGAGE | I5: PCS per PAX | J5: WGHT per PC | K5: HB WGHT per PAX | N5: STATUS | O5: ADULT+CHD | P5: No of PCS | Q5: WEIGHT | R5: AVERAGE BAG WEIGHT | S5: NO BAG per PAX
F6: PCS | G6: WEIGHT
A7: 45931 | B7: 868 | C7: B738 | D7: 176 | E7: 6 | F7: 135 | G7: 1629 | H7: 255 | I7: =F7/(D7+E7) -> 0.74175824 | J7: =G7/F7 -> 12.066667 | K7: =H7/(D7+E7) -> 1.4010989 | N7: PRE | O7: =K2 -> 141 | P7: =I4 -> 94.501631 | Q7: =J4 -> 1170.1164 | R7: =Q7/P7 -> 12.381971 | S7: =P7/O7 -> 0.67022433
A8: 45935 | B8: 868 | C8: A32Q | D8: 166 | E8: 4 | F8: 114 | G8: 1368 | H8: 131 | I8: =F8/(D8+E8) -> 0.67058824 | J8: =G8/F8 -> 12 | K8: =H8/(D8+E8) -> 0.77058824 | N8: LIR DATA/FINAL | O8: =O7 -> 141 | P8: =O8*S7 -> 94.501631 | Q8: =P8*R7 -> 1170.1164
A9: 45938 | B9: 868 | C9: B738 | D9: 172 | E9: 7 | F9: 130 | G9: 1583 | H9: 182 | I9: =F9/(D9+E9) -> 0.72625698 | J9: =G9/F9 -> 12.176923 | K9: =H9/(D9+E9) -> 1.0167598 | N9: LOAD PLANNING DATA
A10: 45942 | B10: 868 | C10: A322 | D10: 167 | E10: 8 | F10: 109 | G10: 1289 | H10: 173 | I10: =F10/(D10+E10) -> 0.62285714 | J10: =G10/F10 -> 11.825688 | K10: =H10/(D10+E10) -> 0.98857143 | N10: ULD | Q10: BULK
A11: 45945 | B11: 868 | C11: B738 | D11: 162 | E11: 7 | F11: 122 | G11: 1433 | H11: 92 | I11: =F11/(D11+E11) -> 0.72189349 | J11: =G11/F11 -> 11.745902 | K11: =H11/(D11+E11) -> 0.5443787 | N11: ULD NO | O11: NO of PCS | P11: KG per ULD | Q11: POS | R11: NO of PCS | S11: KG per POS
A12: 45950 | B12: 868 | C12: A322 | D12: 168 | E12: 9 | F12: 92 | G12: 1138 | H12: 15 | I12: =F12/(D12+E12) -> 0.51977401 | J12: =G12/F12 -> 12.369565 | K12: =H12/(D12+E12) -> 0.084745763 | N12: 1 | O12: 0 | P12: =O12*R7 -> 0 | Q12: 3 | R12: 35 | S12: =R12*R7 -> 433.36898
A13: 45952 | B13: 868 | C13: A322 | D13: 184 | E13: 15 | F13: 137 | G13: 1985 | H13: 10 | I13: =F13/(D13+E13) -> 0.68844221 | J13: =G13/F13 -> 14.489051 | K13: =H13/(D13+E13) -> 0.050251256 | N13: 2 | O13: 0 | P13: =O13*R7 -> 0 | Q13: 4 | R13: 18 | S13: =R7*R13 -> 222.87547
N14: 3 | O14: 1 | P14: =R7*O14 -> 12.381971 | Q14: 5 | R14: 0 | S14: =R14*R7 -> 0
N15: 4 | O15: 0 | P15: =R7*O15 -> 0 | Q15: 1 | R15: 0 | S15: =R7*R15 -> 0
N16: 5 | O16: 0 | P16: =R7*O16 -> 0 | R16: 0 | S16: =R7*R16 -> 0
N17: 6 | O17: 0 | P17: =R7*O17 -> 0 | R17: 0 | S17: =R7*R17 -> 0
N18: 7 | O18: 0 | P18: =R7*O18 -> 0 | R18: 0 | S18: =R7*R18 -> 0
N19: 8 | O19: 30 | P19: =R7*O19 -> 371.45912 | R19: 0 | S19: =R7*R19 -> 0
N20: 9 | O20: 50 | P20: =R7*O20 -> 619.09854 | R20: 0 | S20: =R7*R20 -> 0
N21: BULK | O21: 50 | P21: =R7*O21 -> 619.09854 | S21: =R7*R21 -> 0
N22: REST | O22: =P8-O12-O13-O14-O15-O16-O17-O18-O19-O20-O21 -> -36.498369 | P22: =Q8-P12-P13-P14-P15-P16-P17-P18-P19-P20-P21 -> -451.92174 | Q22: REST | R22: =P8-R12-R13-R14-R15-R16-R17-R18-R19-R20-R21 -> 41.501631 | S22: =Q8-S12-S13-S14-S15-S16-S17-S18-S19-S20-S21 -> 513.87198
N23: TOTAL | O23: =O12+O13+O14+O15+O16+O17+O18+O19+O20+O21 -> 131 | P23: =P12+P13+P14+P15+P16+P17+P18+P19+P20+P21 -> 1622.0382 | Q23: TOTAL | R23: =R12+R13+R14+R15+R16+R17+R18+R19+R20+R21 -> 53 | S23: =S12+S13+S14+S15+S16+S17+S18+S19+S20+S21 -> 656.24445

Sheet REN_KZN 03_2025
A1: AVERAGE BAGGAGE WEIGHT TABLE | I1: Preliminary PAYLOAD
A2: FROM | B2: TO | C2: AVERAGE | I2: PAX NO ADL+CHD | K2: 108
C3: PCS per PAX | E3: WGHT per PC | G3: HB WGHT per PAX | I3: PCS per FLT | J3: BAGGAGE WGHT | K3: HB WGHT
A4: REN | B4: KZN | C4: =AVERAGEA(I7:I40) -> 0.61798839 | E4: =AVERAGEA(J7:J40) -> 10.909826 | G4: =AVERAGEA(K7:K40) -> 1.3153879 | I4: =C4*K2 -> 66.742747 | J4: =I4*E4 -> 728.15174 | K4: =K2*G4 -> 142.0619
A5: DATE | B5: FLT NO | C5: AC TYPE | D5: ADULT | E5: CHD | F5: BAGGAGE | H5: CABIN BAGGAGE | I5: PCS per PAX | J5: WGHT per PC | K5: HB WGHT per PAX
F6: PCS | G6: WEIGHT
A7: 45720 | B7: EO772 | C7: E90 | D7: 63 | E7: 3 | F7: 36 | G7: 369 | H7: 146 | I7: =F7/(D7+E7) -> 0.54545455 | J7: =G7/F7 -> 10.25 | K7: =H7/(D7+E7) -> 2.2121212
A8: 45723 | B8: EO772 | C8: E90 | D8: 89 | E8: 5 | F8: 56 | G8: 637 | H8: 94 | I8: =F8/(D8+E8) -> 0.59574468 | J8: =G8/F8 -> 11.375 | K8: =H8/(D8+E8) -> 1
A9: 45727 | B9: 772 | C9: B738 | D9: 93 | E9: 1 | F9: 67 | G9: 744 | H9: 69 | I9: =F9/(D9+E9) -> 0.71276596 | J9: =G9/F9 -> 11.104478 | K9: =H9/(D9+E9) -> 0.73404255

Sheet REN_LBD 05_2024
A1: AVERAGE BAGGAGE WEIGHT TABLE | I1: Preliminary PAYLOAD
A2: FROM | B2: TO | C2: AVERAGE | I2: PAX NO ADL+CHD | K2: 192
C3: PCS per PAX | E3: WGHT per PC | G3: HB WGHT per PAX | I3: PCS per FLT | J3: BAGGAGE WGHT | K3: HB WGHT
A4: REN | B4: LBD | C4: =AVERAGEA(I7:I16) -> 0.90057232 | E4: =AVERAGEA(J7:J16) -> 15.680859 | G4: =AVERAGEA(K7:K16) -> 1.8809014 | I4: =C4*K2 -> 172.90989 | J4: =I4*E4 -> 2711.3755 | K4: =K2*G4 -> 361.13307
A5: DATE | B5: FLT NO | C5: AC TYPE | D5: ADULT | E5: CHD | F5: BAGGAGE | H5: CABIN BAGGAGE | I5: PCS per PAX | J5: WGHT per PC | K5: HB WGHT per PAX | N5: STATUS | O5: ADULT+CHD | P5: No of PCS | Q5: WEIGHT | R5: AVERAGE BAG WEIGHT | S5: NO BAG per PAX
F6: PCS | G6: WEIGHT
A7: 45418 | B7: 1433 | C7: B738 | D7: 88 | E7: 10 | F7: 86 | G7: 1388 | H7: 193 | I7: =F7/(D7+E7) -> 0.87755102 | J7: =G7/F7 -> 16.139535 | K7: =H7/(D7+E7) -> 1.9693878 | N7: PRE | O7: =K2 -> 192 | P7: =I4 -> 172.90989 | Q7: =J4 -> 2711.3755 | R7: =Q7/P7 -> 15.680859 | S7: =P7/O7 -> 0.90057232
A8: 45425 | B8: 1433 | C8: B738 | D8: 117 | E8: 24 | F8: 129 | G8: 1902 | H8: 245 | I8: =F8/(D8+E8) -> 0.91489362 | J8: =G8/F8 -> 14.744186 | K8: =H8/(D8+E8) -> 1.7375887 | N8: LIR DATA/FINAL | O8: =O7 -> 192 | P8: =O8*S7 -> 172.90989 | Q8: =P8*R7 -> 2711.3755
A9: 45432 | B9: 1433 | C9: B738 | D9: 123 | E9: 33 | F9: 140 | G9: 2231 | H9: 313 | I9: =F9/(D9+E9) -> 0.8974359 | J9: =G9/F9 -> 15.935714 | K9: =H9/(D9+E9) -> 2.0064103 | N9: LOAD PLANNING DATA
A10: 45439 | B10: 1433 | C10: B738 | D10: 94 | E10: 43 | F10: 125 | G10: 1988 | H10: 248 | I10: =F10/(D10+E10) -> 0.91240876 | J10: =G10/F10 -> 15.904 | K10: =H10/(D10+E10) -> 1.810219 | N10: ULD | Q10: BULK
N11: ULD NO | O11: NO of PCS | P11: KG per ULD | Q11: POS | R11: NO of PCS | S11: KG per POS
N12: 1 | O12: 0 | P12: =O12*R7 -> 0 | Q12: 3 | R12: 35 | S12: =R12*R7 -> 548.83006
N13: 2 | O13: 0 | P13: =O13*R7 -> 0 | Q13: 4 | R13: 18 | S13: =R7*R13 -> 282.25546
N14: 3 | O14: 1 | P14: =R7*O14 -> 15.680859 | Q14: 5 | R14: 0 | S14: =R14*R7 -> 0
N15: 4 | O15: 0 | P15: =R7*O15 -> 0 | Q15: 1 | R15: 0 | S15: =R7*R15 -> 0
N16: 5 | O16: 0 | P16: =R7*O16 -> 0 | R16: 0 | S16: =R7*R16 -> 0
N17: 6 | O17: 0 | P17: =R7*O17 -> 0 | R17: 0 | S17: =R7*R17 -> 0
N18: 7 | O18: 0 | P18: =R7*O18 -> 0 | R18: 0 | S18: =R7*R18 -> 0
N19: 8 | O19: 30 | P19: =R7*O19 -> 470.42576 | R19: 0 | S19: =R7*R19 -> 0
N20: 9 | O20: 50 | P20: =R7*O20 -> 784.04294 | R20: 0 | S20: =R7*R20 -> 0
N21: BULK | O21: 50 | P21: =R7*O21 -> 784.04294 | S21: =R7*R21 -> 0
N22: REST | O22: =P8-O12-O13-O14-O15-O16-O17-O18-O19-O20-O21 -> 41.909886 | P22: =Q8-P12-P13-P14-P15-P16-P17-P18-P19-P20-P21 -> 657.18301 | Q22: REST | R22: =P8-R12-R13-R14-R15-R16-R17-R18-R19-R20-R21 -> 119.90989 | S22: =Q8-S12-S13-S14-S15-S16-S17-S18-S19-S20-S21 -> 1880.29
N23: TOTAL | O23: =O12+O13+O14+O15+O16+O17+O18+O19+O20+O21 -> 131 | P23: =P12+P13+P14+P15+P16+P17+P18+P19+P20+P21 -> 2054.1925 | Q23: TOTAL | R23: =R12+R13+R14+R15+R16+R17+R18+R19+R20+R21 -> 53 | S23: =S12+S13+S14+S15+S16+S17+S18+S19+S20+S21 -> 831.08552

Sheet REN_DYU 05_2024
A1: AVERAGE BAGGAGE WEIGHT TABLE | I1: Preliminary PAYLOAD
A2: FROM | B2: TO | C2: AVERAGE | I2: PAX NO ADL+CHD | K2: 156
C3: PCS per PAX | E3: WGHT per PC | G3: HB WGHT per PAX | I3: PCS per FLT | J3: BAGGAGE WGHT | K3: HB WGHT
A4: REN | B4: DYU | C4: =AVERAGEA(I7:I34) -> 0.91173117 | E4: =AVERAGEA(J7:J34) -> 15.505981 | G4: =AVERAGEA(K7:K34) -> 3.4263237 | I4: =C4*K2 -> 142.23006 | J4: =I4*E4 -> 2205.4166 | K4: =K2*G4 -> 534.5065
A5: DATE | B5: FLT NO | C5: AC TYPE | D5: ADULT | E5: CHD | F5: BAGGAGE | H5: CABIN BAGGAGE | I5: PCS per PAX | J5: WGHT per PC | K5: HB WGHT per PAX | N5: STATUS | O5: ADULT+CHD | P5: No of PCS | Q5: WEIGHT | R5: AVERAGE BAG WEIGHT | S5: NO BAG per PAX
F6: PCS | G6: WEIGHT
A7: 45422 | B7: 1429 | C7: A32Q | D7: 109 | E7: 10 | F7: 110 | G7: 1659 | H7: 465 | I7: =F7/(D7+E7) -> 0.92436975 | J7: =G7/F7 -> 15.081818 | K7: =H7/(D7+E7) -> 3.907563 | N7: PRE | O7: =K2 -> 156 | P7: =I4 -> 142.23006 | Q7: =J4 -> 2205.4166 | R7: =Q7/P7 -> 15.505981 | S7: =P7/O7 -> 0.91173117
A8: 45429 | B8: 1429 | C8: A32Q | D8: 73 | E8: 14 | F8: 79 | G8: 1231 | H8: 248 | I8: =F8/(D8+E8) -> 0.90804598 | J8: =G8/F8 -> 15.582278 | K8: =H8/(D8+E8) -> 2.8505747 | N8: LIR DATA/FINAL | O8: =O7 -> 156 | P8: =O8*S7 -> 142.23006 | Q8: =P8*R7 -> 2205.4166
A9: 45436 | B9: 1429 | C9: A32Q | D9: 120 | E9: 24 | F9: 130 | G9: 2061 | H9: 507 | I9: =F9/(D9+E9) -> 0.90277778 | J9: =G9/F9 -> 15.853846 | K9: =H9/(D9+E9) -> 3.5208333 | N9: LOAD PLANNING DATA
N10: ULD | Q10: BULK
N11: ULD NO | O11: NO of PCS | P11: KG per ULD | Q11: POS | R11: NO of PCS | S11: KG per POS
N12: 1 | O12: 0 | P12: =O12*R7 -> 0 | Q12: 3 | R12: 40 | S12: =R12*R7 -> 620.23924
N13: 2 | O13: 0 | P13: =O13*R7 -> 0 | Q13: 4 | R13: 114 | S13: =R7*R13 -> 1767.6818
N14: 3 | O14: 1 | P14: =R7*O14 -> 15.505981 | Q14: 5 | R14: 0 | S14: =R14*R7 -> 0
N15: 4 | O15: 0 | P15: =R7*O15 -> 0 | Q15: 1 | R15: 0 | S15: =R7*R15 -> 0
N16: 5 | O16: 0 | P16: =R7*O16 -> 0 | R16: 0 | S16: =R7*R16 -> 0
N17: 6 | O17: 0 | P17: =R7*O17 -> 0 | R17: 0 | S17: =R7*R17 -> 0
N18: 7 | O18: 0 | P18: =R7*O18 -> 0 | R18: 0 | S18: =R7*R18 -> 0
N19: 8 | O19: 30 | P19: =R7*O19 -> 465.17943 | R19: 0 | S19: =R7*R19 -> 0
N20: 9 | O20: 50 | P20: =R7*O20 -> 775.29905 | R20: 0 | S20: =R7*R20 -> 0
N21: BULK | O21: 50 | P21: =R7*O21 -> 775.29905 | S21: =R7*R21 -> 0
N22: REST | O22: =P8-O12-O13-O14-O15-O16-O17-O18-O19-O20-O21 -> 11.230062 | P22: =Q8-P12-P13-P14-P15-P16-P17-P18-P19-P20-P21 -> 174.13313 | Q22: REST | R22: =P8-R12-R13-R14-R15-R16-R17-R18-R19-R20-R21 -> -11.769938 | S22: =Q8-S12-S13-S14-S15-S16-S17-S18-S19-S20-S21 -> -182.50443
N23: TOTAL | O23: =O12+O13+O14+O15+O16+O17+O18+O19+O20+O21 -> 131 | P23: =P12+P13+P14+P15+P16+P17+P18+P19+P20+P21 -> 2031.2835 | Q23: TOTAL | R23: =R12+R13+R14+R15+R16+R17+R18+R19+R20+R21 -> 154 | S23: =S12+S13+S14+S15+S16+S17+S18+S19+S20+S21 -> 2387.9211

Sheet OSS_UFA 03_2024
A1: AVERAGE BAGGAGE WEIGHT TABLE | I1: Preliminary PAYLOAD
A2: FROM | B2: TO | C2: AVERAGE | I2: PAX NO ADL+CHD | K2: 185
C3: PCS per PAX | E3: WGHT per PC | G3: HB WGHT per PAX | I3: PCS per FLT | J3: BAGGAGE WGHT | K3: HB WGHT
A4: OSS | B4: UFA | C4: =AVERAGEA(I7:I24) -> 0.87975851 | E4: =AVERAGEA(J7:J24) -> 15.933204 | G4: =AVERAGEA(K7:K24) -> 1.841171 | I4: =C4*K2 -> 162.75532 | J4: =I4*E4 -> 2593.2138 | K4: =K2*G4 -> 340.61663
A5: DATE | B5: FLT NO | C5: AC TYPE | D5: ADULT | E5: CHD | F5: BAGGAGE | H5: CABIN BAGGAGE | I5: PCS per PAX | J5: WGHT per PC | K5: HB WGHT per PAX | N5: STATUS | O5: ADULT+CHD | P5: No of PCS | Q5: WEIGHT | R5: AVERAGE BAG WEIGHT | S5: NO BAG per PAX
F6: PCS | G6: WEIGHT
A7: 45352 | B7: 1452 | C7: B738 | D7: 173 | E7: 8 | F7: 163 | G7: 2727 | H7: 839 | I7: =F7/(D7+E7) -> 0.90055249 | J7: =G7/F7 -> 16.730061 | K7: =H7/(D7+E7) -> 4.6353591 | N7: PRE | O7: =K2 -> 185 | P7: =I4 -> 162.75532 | Q7: =J4 -> 2593.2138 | R7: =Q7/P7 -> 15.933204 | S7: =P7/O7 -> 0.87975851
A8: 45356 | B8: 1452 | C8: A322 | D8: 203 | E8: 16 | F8: 195 | G8: 3151 | H8: 364 | I8: =F8/(D8+E8) -> 0.89041096 | J8: =G8/F8 -> 16.158974 | K8: =H8/(D8+E8) -> 1.6621005 | N8: LIR DATA/FINAL | O8: =O7 -> 185 | P8: =O8*S7 -> 162.75532 | Q8: =P8*R7 -> 2593.2138
A9: 45359 | B9: 1452 | C9: B738 | D9: 183 | E9: 3 | F9: 162 | G9: 2657 | H9: 140 | I9: =F9/(D9+E9) -> 0.87096774 | J9: =G9/F9 -> 16.401235 | K9: =H9/(D9+E9) -> 0.75268817 | N9: LOAD PLANNING DATA
A10: 45363 | B10: 1452 | C10: B738 | D10: 171 | E10: 5 | F10: 162 | G10: 2540 | H10: 4 | I10: =F10/(D10+E10) -> 0.92045455 | J10: =G10/F10 -> 15.679012 | K10: =H10/(D10+E10) -> 0.022727273 | N10: ULD | Q10: BULK
A11: 45366 | B11: 1452 | C11: A322 | D11: 201 | E11: 7 | F11: 175 | G11: 2718 | H11: 474 | I11: =F11/(D11+E11) -> 0.84134615 | J11: =G11/F11 -> 15.531429 | K11: =H11/(D11+E11) -> 2.2788462 | N11: ULD NO | O11: NO of PCS | P11: KG per ULD | Q11: POS | R11: NO of PCS | S11: KG per POS
A12: 45370 | B12: 1452 | C12: A322 | D12: 193 | E12: 10 | F12: 177 | G12: 2734 | H12: 480 | I12: =F12/(D12+E12) -> 0.87192118 | J12: =G12/F12 -> 15.446328 | K12: =H12/(D12+E12) -> 2.364532 | N12: 1 | O12: 0 | P12: =O12*R7 -> 0 | Q12: 3 | R12: 40 | S12: =R12*R7 -> 637.32817
A13: 45373 | B13: 1452 | C13: B738 | D13: 165 | E13: 10 | F13: 160 | G13: 2558 | H13: 412 | I13: =F13/(D13+E13) -> 0.91428571 | J13: =G13/F13 -> 15.9875 | K13: =H13/(D13+E13) -> 2.3542857 | N13: 2 | O13: 0 | P13: =O13*R7 -> 0 | Q13: 4 | R13: 125 | S13: =R7*R13 -> 1991.6505
A14: 45377 | B14: 1452 | C14: B738 | D14: 161 | E14: 2 | F14: 141 | G14: 2196 | H14: 0 | I14: =F14/(D14+E14) -> 0.86503067 | J14: =G14/F14 -> 15.574468 | K14: =H14/(D14+E14) -> 0 | N14: 3 | O14: 1 | P14: =R7*O14 -> 15.933204 | Q14: 5 | R14: 0 | S14: =R14*R7 -> 0
A15: 45380 | B15: 1452 | C15: B738 | D15: 136 | E15: 4 | F15: 118 | G15: 1875 | H15: 350 | I15: =F15/(D15+E15) -> 0.84285714 | J15: =G15/F15 -> 15.889831 | K15: =H15/(D15+E15) -> 2.5 | N15: 4 | O15: 0 | P15: =R7*O15 -> 0 | Q15: 1 | R15: 0 | S15: =R7*R15 -> 0
N16: 5 | O16: 0 | P16: =R7*O16 -> 0 | R16: 0 | S16: =R7*R16 -> 0
N17: 6 | O17: 0 | P17: =R7*O17 -> 0 | R17: 0 | S17: =R7*R17 -> 0
N18: 7 | O18: 0 | P18: =R7*O18 -> 0 | R18: 0 | S18: =R7*R18 -> 0
N19: 8 | O19: 30 | P19: =R7*O19 -> 477.99612 | R19: 0 | S19: =R7*R19 -> 0
N20: 9 | O20: 50 | P20: =R7*O20 -> 796.66021 | R20: 0 | S20: =R7*R20 -> 0
N21: BULK | O21: 50 | P21: =R7*O21 -> 796.66021 | S21: =R7*R21 -> 0
N22: REST | O22: =P8-O12-O13-O14-O15-O16-O17-O18-O19-O20-O21 -> 31.755325 | P22: =Q8-P12-P13-P14-P15-P16-P17-P18-P19-P20-P21 -> 505.96407 | Q22: REST | R22: =P8-R12-R13-R14-R15-R16-R17-R18-R19-R20-R21 -> -2.2446754 | S22: =Q8-S12-S13-S14-S15-S16-S17-S18-S19-S20-S21 -> -35.764872
N23: TOTAL | O23: =O12+O13+O14+O15+O16+O17+O18+O19+O20+O21 -> 131 | P23: =P12+P13+P14+P15+P16+P17+P18+P19+P20+P21 -> 2087.2497 | Q23: TOTAL | R23: =R12+R13+R14+R15+R16+R17+R18+R19+R20+R21 -> 165 | S23: =S12+S13+S14+S15+S16+S17+S18+S19+S20+S21 -> 2628.9787

Sheet OSS_TJM 07_2026
A1: AVERAGE BAGGAGE WEIGHT TABLE | I1: Preliminary PAYLOAD
A2: FROM | B2: TO | C2: AVERAGE | I2: PAX NO ADL+CHD | K2: 176
C3: PCS per PAX | E3: WGHT per PC | G3: HB WGHT per PAX | I3: PCS per FLT | J3: BAGGAGE WGHT | K3: HB WGHT
A4: OSS | B4: TJM | C4: =AVERAGEA(I7:I30) -> 0.62622549 | E4: =AVERAGEA(J7:J30) -> 15.468202 | G4: =AVERAGEA(K7:K30) -> 2.6084881 | I4: =C4*K2 -> 110.21569 | J4: =I4*E4 -> 1704.8385 | K4: =K2*G4 -> 459.09391
A5: DATE | B5: FLT NO | C5: AC TYPE | D5: ADULT | E5: CHD | F5: BAGGAGE | H5: CABIN BAGGAGE | I5: PCS per PAX | J5: WGHT per PC | K5: HB WGHT per PAX | N5: STATUS | O5: ADULT+CHD | P5: No of PCS | Q5: WEIGHT | R5: AVERAGE BAG WEIGHT | S5: NO BAG per PAX
F6: PCS | G6: WEIGHT
A7: 46210 | B7: 1476 | C7: B738 | D7: 134 | E7: 18 | F7: 95 | G7: 1415 | H7: 486 | I7: =F7/(D7+E7) -> 0.625 | J7: =G7/F7 -> 14.894737 | K7: =H7/(D7+E7) -> 3.1973684 | N7: PRE | O7: =K2 -> 176 | P7: =I4 -> 110.21569 | Q7: =J4 -> 1704.8385 | R7: =Q7/P7 -> 15.468202 | S7: =P7/O7 -> 0.62622549
A8: 46217 | B8: 1476 | C8: B738 | D8: 139 | E8: 14 | F8: 96 | G8: 1540 | H8: 309 | I8: =F8/(D8+E8) -> 0.62745098 | J8: =G8/F8 -> 16.041667 | K8: =H8/(D8+E8) -> 2.0196078 | N8: LIR DATA/FINAL | O8: =O7 -> 176 | P8: =O8*S7 -> 110.21569 | Q8: =P8*R7 -> 1704.8385
N9: ULD | Q9: BULK
N10: ULD NO | O10: NO of PCS | P10: KG per ULD | Q10: POS | R10: NO of PCS | S10: KG per POS
N11: 1 | O11: 0 | P11: =O11*R7 -> 0 | Q11: 3 | R11: 30 | S11: =R11*R7 -> 464.04605
N12: 2 | O12: 0 | P12: =O12*R7 -> 0 | Q12: 4 | R12: 83 | S12: =R7*R12 -> 1283.8607
N13: 3 | O13: 1 | P13: =R7*O13 -> 15.468202 | Q13: 5 | R13: 0 | S13: =R13*R7 -> 0
N14: 4 | O14: 0 | P14: =R7*O14 -> 0 | Q14: 1 | R14: 0 | S14: =R7*R14 -> 0
N15: 5 | O15: 0 | P15: =R7*O15 -> 0 | R15: 0 | S15: =R7*R15 -> 0
N16: 6 | O16: 0 | P16: =R7*O16 -> 0 | R16: 0 | S16: =R7*R16 -> 0
N17: 7 | O17: 0 | P17: =R7*O17 -> 0 | R17: 0 | S17: =R7*R17 -> 0
N18: 8 | O18: 30 | P18: =R7*O18 -> 464.04605 | R18: 0 | S18: =R7*R18 -> 0
N19: 9 | O19: 50 | P19: =R7*O19 -> 773.41009 | R19: 0 | S19: =R7*R19 -> 0
N20: BULK | O20: 50 | P20: =R7*O20 -> 773.41009 | S20: =R7*R20 -> 0
N21: REST | O21: =P8-O11-O12-O13-O14-O15-O16-O17-O18-O19-O20 -> -20.784314 | P21: =Q8-P11-P12-P13-P14-P15-P16-P17-P18-P19-P20 -> -321.49596 | Q21: REST | R21: =P8-R11-R12-R13-R14-R15-R16-R17-R18-R19-R20 -> -2.7843137 | S21: =Q8-S11-S12-S13-S14-S15-S16-S17-S18-S19-S20 -> -43.068326
N22: TOTAL | O22: =O11+O12+O13+O14+O15+O16+O17+O18+O19+O20 -> 131 | P22: =P11+P12+P13+P14+P15+P16+P17+P18+P19+P20 -> 2026.3344 | Q22: TOTAL | R22: =R11+R12+R13+R14+R15+R16+R17+R18+R19+R20 -> 113 | S22: =S11+S12+S13+S14+S15+S16+S17+S18+S19+S20 -> 1747.9068

Sheet OSS_OMS
A1: AVERAGE BAGGAGE WEIGHT TABLE | I1: Preliminary PAYLOAD
A2: FROM | B2: TO | C2: AVERAGE | I2: PAX NO ADL+CHD | K2: 150
C3: PCS per PAX | E3: WGHT per PC | G3: HB WGHT per PAX | I3: PCS per FLT | J3: BAGGAGE WGHT | K3: HB WGHT
A4: OSS | B4: OMS | C4: =AVERAGEA(I7:I56) -> 0.31381681 | E4: =AVERAGEA(J7:J56) -> 15.708862 | G4: =AVERAGEA(K7:K56) -> 0.51764627 | I4: =C4*K2 -> 47.072522 | J4: =I4*E4 -> 739.45574 | K4: =K2*G4 -> 77.64694
A5: DATE | B5: FLT NO | C5: AC TYPE | D5: ADULT | E5: CHD | F5: BAGGAGE | H5: CABIN BAGGAGE | I5: PCS per PAX | J5: WGHT per PC | K5: HB WGHT per PAX | N5: STATUS | O5: ADULT+CHD | P5: No of PCS | Q5: WEIGHT | R5: AVERAGE BAG WEIGHT | S5: NO BAG per PAX
F6: PCS | G6: WEIGHT
A7: 45048 | B7: N1456 | C7: B737 | D7: 176 | E7: 9 | F7: 51 | G7: 769 | H7: 103 | I7: =F7/(D7+E7) -> 0.27567568 | J7: =G7/F7 -> 15.078431 | K7: =H7/(D7+E7) -> 0.55675676 | N7: PRE | O7: =K2 -> 150 | P7: =I4 -> 47.072522 | Q7: =J4 -> 739.45574 | R7: =Q7/P7 -> 15.708862 | S7: =P7/O7 -> 0.31381681
A8: 45055 | B8: N1456 | C8: A321 | D8: 170 | E8: 12 | F8: 47 | G8: 740 | H8: 5 | I8: =F8/(D8+E8) -> 0.25824176 | J8: =G8/F8 -> 15.744681 | K8: =H8/(D8+E8) -> 0.027472527 | N8: LIR DATA/FINAL | O8: =O7 -> 150 | P8: =O8*S7 -> 47.072522 | Q8: =P8*R7 -> 739.45574
A9: 45062 | B9: N1456 | C9: A321 | D9: 187 | E9: 6 | F9: 64 | G9: 1029 | H9: 81 | I9: =F9/(D9+E9) -> 0.33160622 | J9: =G9/F9 -> 16.078125 | K9: =H9/(D9+E9) -> 0.41968912 | N9: LOAD PLANNING DATA
A10: 45069 | B10: N1456 | C10: A321 | D10: 188 | E10: 7 | F10: 76 | G10: 1211 | H10: 208 | I10: =F10/(D10+E10) -> 0.38974359 | J10: =G10/F10 -> 15.934211 | K10: =H10/(D10+E10) -> 1.0666667 | N10: ULD | Q10: BULK
N11: ULD NO | O11: NO of PCS | P11: KG per ULD | Q11: POS | R11: NO of PCS | S11: KG per POS
N12: 1 | O12: 0 | P12: =O12*R7 -> 0 | Q12: 3 | R12: 35 | S12: =R12*R7 -> 549.81017
N13: 2 | O13: 0 | P13: =O13*R7 -> 0 | Q13: 4 | R13: 18 | S13: =R7*R13 -> 282.75951
N14: 3 | O14: 1 | P14: =R7*O14 -> 15.708862 | Q14: 5 | R14: 0 | S14: =R14*R7 -> 0
N15: 4 | O15: 0 | P15: =R7*O15 -> 0 | Q15: 1 | R15: 0 | S15: =R7*R15 -> 0
N16: 5 | O16: 0 | P16: =R7*O16 -> 0 | R16: 0 | S16: =R7*R16 -> 0
N17: 6 | O17: 0 | P17: =R7*O17 -> 0 | R17: 0 | S17: =R7*R17 -> 0
N18: 7 | O18: 0 | P18: =R7*O18 -> 0 | R18: 0 | S18: =R7*R18 -> 0
N19: 8 | O19: 30 | P19: =R7*O19 -> 471.26586 | R19: 0 | S19: =R7*R19 -> 0
N20: 9 | O20: 50 | P20: =R7*O20 -> 785.4431 | R20: 0 | S20: =R7*R20 -> 0
N21: BULK | O21: 50 | P21: =R7*O21 -> 785.4431 | S21: =R7*R21 -> 0
N22: REST | O22: =P8-O12-O13-O14-O15-O16-O17-O18-O19-O20-O21 -> -83.927478 | P22: =Q8-P12-P13-P14-P15-P16-P17-P18-P19-P20-P21 -> -1318.4052 | Q22: REST | R22: =P8-R12-R13-R14-R15-R16-R17-R18-R19-R20-R21 -> -5.9274785 | S22: =Q8-S12-S13-S14-S15-S16-S17-S18-S19-S20-S21 -> -93.113941
N23: TOTAL | O23: =O12+O13+O14+O15+O16+O17+O18+O19+O20+O21 -> 131 | P23: =P12+P13+P14+P15+P16+P17+P18+P19+P20+P21 -> 2057.8609 | Q23: TOTAL | R23: =R12+R13+R14+R15+R16+R17+R18+R19+R20+R21 -> 53 | S23: =S12+S13+S14+S15+S16+S17+S18+S19+S20+S21 -> 832.56968

Sheet OSS_KUF 03_2024
A1: AVERAGE BAGGAGE WEIGHT TABLE | I1: Preliminary PAYLOAD
A2: FROM | B2: TO | C2: AVERAGE | I2: PAX NO ADL+CHD | K2: 213
C3: PCS per PAX | E3: WGHT per PC | G3: HB WGHT per PAX | I3: PCS per FLT | J3: BAGGAGE WGHT | K3: HB WGHT
A4: OSS | B4: KUF | C4: =AVERAGEA(I7:I28) -> 0.8175625 | E4: =AVERAGEA(J7:J28) -> 15.989483 | G4: =AVERAGEA(K7:K28) -> 1.2627298 | I4: =C4*K2 -> 174.14081 | J4: =I4*E4 -> 2784.4216 | K4: =K2*G4 -> 268.96145
A5: DATE | B5: FLT NO | C5: AC TYPE | D5: ADULT | E5: CHD | F5: BAGGAGE | H5: CABIN BAGGAGE | I5: PCS per PAX | J5: WGHT per PC | K5: HB WGHT per PAX | N5: STATUS | O5: ADULT+CHD | P5: No of PCS | Q5: WEIGHT | R5: AVERAGE BAG WEIGHT | S5: NO BAG per PAX
F6: PCS | G6: WEIGHT
A7: 45354 | B7: 1468 | C7: A32Q | D7: 211 | E7: 5 | F7: 177 | G7: 2908 | H7: 223 | I7: =F7/(D7+E7) -> 0.81944444 | J7: =G7/F7 -> 16.429379 | K7: =H7/(D7+E7) -> 1.0324074 | N7: PRE | O7: =K2 -> 213 | P7: =I4 -> 174.14081 | Q7: =J4 -> 2784.4216 | R7: =Q7/P7 -> 15.989483 | S7: =P7/O7 -> 0.8175625
A8: 45361 | B8: 1468 | C8: A32Q | D8: 199 | E8: 13 | F8: 178 | G8: 2835 | H8: 0 | I8: =F8/(D8+E8) -> 0.83962264 | J8: =G8/F8 -> 15.926966 | K8: =H8/(D8+E8) -> 0 | N8: LIR DATA/FINAL | O8: =O7 -> 213 | P8: =O8*S7 -> 174.14081 | Q8: =P8*R7 -> 2784.4216
A9: 45368 | B9: 1468 | C9: A32Q | D9: 196 | E9: 14 | F9: 162 | G9: 2694 | H9: 435 | I9: =F9/(D9+E9) -> 0.77142857 | J9: =G9/F9 -> 16.62963 | K9: =H9/(D9+E9) -> 2.0714286 | N9: LOAD PLANNING DATA
A10: 45375 | B10: 1468 | C10: B738 | D10: 161 | E10: 13 | F10: 149 | G10: 2369 | H10: 304 | I10: =F10/(D10+E10) -> 0.85632184 | J10: =G10/F10 -> 15.899329 | K10: =H10/(D10+E10) -> 1.7471264 | N10: ULD | Q10: BULK
A11: 45382 | B11: 1468 | C11: A322 | D11: 190 | E11: 11 | F11: 161 | G11: 2425 | H11: 294 | I11: =F11/(D11+E11) -> 0.80099502 | J11: =G11/F11 -> 15.062112 | K11: =H11/(D11+E11) -> 1.4626866 | N11: ULD NO | O11: NO of PCS | P11: KG per ULD | Q11: POS | R11: NO of PCS | S11: KG per POS
N12: 1 | O12: 0 | P12: =O12*R7 -> 0 | Q12: 3 | R12: 40 | S12: =R12*R7 -> 639.57932
N13: 2 | O13: 0 | P13: =O13*R7 -> 0 | Q13: 4 | R13: 35 | S13: =R7*R13 -> 559.63191
N14: 3 | O14: 1 | P14: =R7*O14 -> 15.989483 | Q14: 5 | R14: 30 | S14: =R14*R7 -> 479.68449
N15: 4 | O15: 0 | P15: =R7*O15 -> 0 | Q15: 1 | R15: 20 | S15: =R7*R15 -> 319.78966
N16: 5 | O16: 0 | P16: =R7*O16 -> 0 | R16: 24 | S16: =R7*R16 -> 383.74759
N17: 6 | O17: 0 | P17: =R7*O17 -> 0 | R17: 24 | S17: =R7*R17 -> 383.74759
N18: 7 | O18: 0 | P18: =R7*O18 -> 0 | R18: 0 | S18: =R7*R18 -> 0
N19: 8 | O19: 30 | P19: =R7*O19 -> 479.68449 | R19: 0 | S19: =R7*R19 -> 0
N20: 9 | O20: 50 | P20: =R7*O20 -> 799.47415 | R20: 0 | S20: =R7*R20 -> 0
N21: BULK | O21: 50 | P21: =R7*O21 -> 799.47415 | S21: =R7*R21 -> 0
N22: REST | O22: =P8-O12-O13-O14-O15-O16-O17-O18-O19-O20-O21 -> 43.140813 | P22: =Q8-P12-P13-P14-P15-P16-P17-P18-P19-P20-P21 -> 689.7993 | Q22: REST | R22: =P8-R12-R13-R14-R15-R16-R17-R18-R19-R20-R21 -> 1.1408134 | S22: =Q8-S12-S13-S14-S15-S16-S17-S18-S19-S20-S21 -> 18.241017
N23: TOTAL | O23: =O12+O13+O14+O15+O16+O17+O18+O19+O20+O21 -> 131 | P23: =P12+P13+P14+P15+P16+P17+P18+P19+P20+P21 -> 2094.6223 | Q23: TOTAL | R23: =R12+R13+R14+R15+R16+R17+R18+R19+R20+R21 -> 173 | S23: =S12+S13+S14+S15+S16+S17+S18+S19+S20+S21 -> 2766.1806

Sheet OSS_KEJ
A1: AVERAGE BAGGAGE WEIGHT TABLE | I1: Preliminary PAYLOAD
A2: FROM | B2: TO | C2: AVERAGE | I2: PAX NO ADL+CHD | K2: 150
C3: PCS per PAX | E3: WGHT per PC | G3: HB WGHT per PAX | I3: PCS per FLT | J3: BAGGAGE WGHT | K3: HB WGHT
A4: OSS | B4: KEJ | C4: =AVERAGEA(I7:I56) -> 0.43613493 | E4: =AVERAGEA(J7:J56) -> 15.688619 | G4: =AVERAGEA(K7:K56) -> 1.830566 | I4: =C4*K2 -> 65.420239 | J4: =I4*E4 -> 1026.3532 | K4: =K2*G4 -> 274.5849
A5: DATE | B5: FLT NO | C5: AC TYPE | D5: ADULT | E5: CHD | F5: BAGGAGE | H5: CABIN BAGGAGE | I5: PCS per PAX | J5: WGHT per PC | K5: HB WGHT per PAX | N5: STATUS | O5: ADULT+CHD | P5: No of PCS | Q5: WEIGHT | R5: AVERAGE BAG WEIGHT | S5: NO BAG per PAX
F6: PCS | G6: WEIGHT
A7: 45047 | B7: N1460 | C7: B737 | D7: 128 | E7: 3 | F7: 54 | G7: 813 | I7: =F7/(D7+E7) -> 0.41221374 | J7: =G7/F7 -> 15.055556 | K7: =H7/(D7+E7) -> 0 | N7: PRE | O7: =K2 -> 150 | P7: =I4 -> 65.420239 | Q7: =J4 -> 1026.3532 | R7: =Q7/P7 -> 15.688619 | S7: =P7/O7 -> 0.43613493
A8: 45054 | B8: N41460 | C8: B737 | D8: 138 | E8: 5 | F8: 66 | G8: 1000 | H8: 282 | I8: =F8/(D8+E8) -> 0.46153846 | J8: =G8/F8 -> 15.151515 | K8: =H8/(D8+E8) -> 1.972028 | N8: LIR DATA/FINAL | O8: =O7 -> 150 | P8: =O8*S7 -> 65.420239 | Q8: =P8*R7 -> 1026.3532
A9: 45061 | B9: N41460 | C9: B737 | D9: 134 | E9: 4 | F9: 57 | G9: 916 | H9: 440 | I9: =F9/(D9+E9) -> 0.41304348 | J9: =G9/F9 -> 16.070175 | K9: =H9/(D9+E9) -> 3.1884058 | N9: LOAD PLANNING DATA
A10: 45068 | B10: N41460 | C10: B737 | D10: 127 | E10: 7 | F10: 65 | G10: 1010 | H10: 101 | I10: =F10/(D10+E10) -> 0.48507463 | J10: =G10/F10 -> 15.538462 | K10: =H10/(D10+E10) -> 0.75373134 | N10: ULD | Q10: BULK
A11: 45075 | B11: N41460 | C11: B737 | D11: 86 | E11: 9 | F11: 43 | G11: 651 | I11: =F11/(D11+E11) -> 0.45263158 | J11: =G11/F11 -> 15.139535 | K11: =H11/(D11+E11) -> 0 | N11: ULD NO | O11: NO of PCS | P11: KG per ULD | Q11: POS | R11: NO of PCS | S11: KG per POS
A12: 45082 | B12: N41460 | C12: B737 | D12: 112 | E12: 18 | F12: 51 | G12: 876 | H12: 659 | I12: =F12/(D12+E12) -> 0.39230769 | J12: =G12/F12 -> 17.176471 | K12: =H12/(D12+E12) -> 5.0692308 | N12: 1 | O12: 0 | P12: =O12*R7 -> 0 | Q12: 3 | R12: 35 | S12: =R12*R7 -> 549.10166
N13: 2 | O13: 0 | P13: =O13*R7 -> 0 | Q13: 4 | R13: 18 | S13: =R7*R13 -> 282.39514
N14: 3 | O14: 1 | P14: =R7*O14 -> 15.688619 | Q14: 5 | R14: 0 | S14: =R14*R7 -> 0
N15: 4 | O15: 0 | P15: =R7*O15 -> 0 | Q15: 1 | R15: 0 | S15: =R7*R15 -> 0
N16: 5 | O16: 0 | P16: =R7*O16 -> 0 | R16: 0 | S16: =R7*R16 -> 0
N17: 6 | O17: 0 | P17: =R7*O17 -> 0 | R17: 0 | S17: =R7*R17 -> 0
N18: 7 | O18: 0 | P18: =R7*O18 -> 0 | R18: 0 | S18: =R7*R18 -> 0
N19: 8 | O19: 30 | P19: =R7*O19 -> 470.65857 | R19: 0 | S19: =R7*R19 -> 0
N20: 9 | O20: 50 | P20: =R7*O20 -> 784.43094 | R20: 0 | S20: =R7*R20 -> 0
N21: BULK | O21: 50 | P21: =R7*O21 -> 784.43094 | S21: =R7*R21 -> 0
N22: REST | O22: =P8-O12-O13-O14-O15-O16-O17-O18-O19-O20-O21 -> -65.579761 | P22: =Q8-P12-P13-P14-P15-P16-P17-P18-P19-P20-P21 -> -1028.8559 | Q22: REST | R22: =P8-R12-R13-R14-R15-R16-R17-R18-R19-R20-R21 -> 12.420239 | S22: =Q8-S12-S13-S14-S15-S16-S17-S18-S19-S20-S21 -> 194.8564
N23: TOTAL | O23: =O12+O13+O14+O15+O16+O17+O18+O19+O20+O21 -> 131 | P23: =P12+P13+P14+P15+P16+P17+P18+P19+P20+P21 -> 2055.2091 | Q23: TOTAL | R23: =R12+R13+R14+R15+R16+R17+R18+R19+R20+R21 -> 53 | S23: =S12+S13+S14+S15+S16+S17+S18+S19+S20+S21 -> 831.4968

Sheet OSS_KJA 06_2023
A1: AVERAGE BAGGAGE WEIGHT TABLE | I1: Preliminary PAYLOAD
A2: FROM | B2: TO | C2: AVERAGE | I2: PAX NO ADL+CHD | K2: 150
C3: PCS per PAX | E3: WGHT per PC | G3: HB WGHT per PAX | I3: PCS per FLT | J3: BAGGAGE WGHT | K3: HB WGHT
A4: OSS | B4: KJA | C4: =AVERAGEA(I7:I56) -> 0.55772616 | E4: =AVERAGEA(J7:J56) -> 15.976757 | G4: =AVERAGEA(K7:K56) -> 1.532054 | I4: =C4*K2 -> 83.658925 | J4: =I4*E4 -> 1336.5983 | K4: =K2*G4 -> 229.8081
A5: DATE | B5: FLT NO | C5: AC TYPE | D5: ADULT | E5: CHD | F5: BAGGAGE | H5: CABIN BAGGAGE | I5: PCS per PAX | J5: WGHT per PC | K5: HB WGHT per PAX | N5: STATUS | O5: ADULT+CHD | P5: No of PCS | Q5: WEIGHT | R5: AVERAGE BAG WEIGHT | S5: NO BAG per PAX
F6: PCS | G6: WEIGHT
A7: 45083 | B7: N41464 | C7: B737 | D7: 120 | E7: 8 | F7: 60 | G7: 970 | H7: 0 | I7: =F7/(D7+E7) -> 0.46875 | J7: =G7/F7 -> 16.166667 | K7: =H7/(D7+E7) -> 0 | N7: PRE | O7: =K2 -> 150 | P7: =I4 -> 83.658925 | Q7: =J4 -> 1336.5983 | R7: =Q7/P7 -> 15.976757 | S7: =P7/O7 -> 0.55772616
A8: 45091 | B8: N41464 | C8: B737 | D8: 157 | E8: 15 | F8: 91 | G8: 1369 | H8: 232 | I8: =F8/(D8+E8) -> 0.52906977 | J8: =G8/F8 -> 15.043956 | K8: =H8/(D8+E8) -> 1.3488372 | N8: LIR DATA/FINAL | O8: =O7 -> 150 | P8: =O8*S7 -> 83.658925 | Q8: =P8*R7 -> 1336.5983
A9: 45098 | B9: N41464 | C9: B737 | D9: 150 | E9: 25 | F9: 108 | G9: 1713 | H9: 144 | I9: =F9/(D9+E9) -> 0.61714286 | J9: =G9/F9 -> 15.861111 | K9: =H9/(D9+E9) -> 0.82285714 | N9: LOAD PLANNING DATA
A10: 45104 | B10: N41464 | C10: B737 | D10: 122 | E10: 16 | F10: 85 | G10: 1431 | H10: 546 | I10: =F10/(D10+E10) -> 0.61594203 | J10: =G10/F10 -> 16.835294 | K10: =H10/(D10+E10) -> 3.9565217 | N10: ULD | Q10: BULK
N11: ULD NO | O11: NO of PCS | P11: KG per ULD | Q11: POS | R11: NO of PCS | S11: KG per POS
N12: 1 | O12: 0 | P12: =O12*R7 -> 0 | Q12: 3 | R12: 35 | S12: =R12*R7 -> 559.18649
N13: 2 | O13: 0 | P13: =O13*R7 -> 0 | Q13: 4 | R13: 18 | S13: =R7*R13 -> 287.58163
N14: 3 | O14: 1 | P14: =R7*O14 -> 15.976757 | Q14: 5 | R14: 0 | S14: =R14*R7 -> 0
N15: 4 | O15: 0 | P15: =R7*O15 -> 0 | Q15: 1 | R15: 0 | S15: =R7*R15 -> 0
N16: 5 | O16: 0 | P16: =R7*O16 -> 0 | R16: 0 | S16: =R7*R16 -> 0
N17: 6 | O17: 0 | P17: =R7*O17 -> 0 | R17: 0 | S17: =R7*R17 -> 0
N18: 7 | O18: 0 | P18: =R7*O18 -> 0 | R18: 0 | S18: =R7*R18 -> 0
N19: 8 | O19: 30 | P19: =R7*O19 -> 479.30271 | R19: 0 | S19: =R7*R19 -> 0
N20: 9 | O20: 50 | P20: =R7*O20 -> 798.83785 | R20: 0 | S20: =R7*R20 -> 0
N21: BULK | O21: 50 | P21: =R7*O21 -> 798.83785 | S21: =R7*R21 -> 0
N22: REST | O22: =P8-O12-O13-O14-O15-O16-O17-O18-O19-O20-O21 -> -47.341075 | P22: =Q8-P12-P13-P14-P15-P16-P17-P18-P19-P20-P21 -> -756.35686 | Q22: REST | R22: =P8-R12-R13-R14-R15-R16-R17-R18-R19-R20-R21 -> 30.658925 | S22: =Q8-S12-S13-S14-S15-S16-S17-S18-S19-S20-S21 -> 489.83019
N23: TOTAL | O23: =O12+O13+O14+O15+O16+O17+O18+O19+O20+O21 -> 131 | P23: =P12+P13+P14+P15+P16+P17+P18+P19+P20+P21 -> 2092.9552 | Q23: TOTAL | R23: =R12+R13+R14+R15+R16+R17+R18+R19+R20+R21 -> 53 | S23: =S12+S13+S14+S15+S16+S17+S18+S19+S20+S21 -> 846.76812

Sheet LBD_TJM 05_26
A1: AVERAGE BAGGAGE WEIGHT TABLE | I1: Preliminary PAYLOAD
A2: FROM | B2: TO | C2: AVERAGE | I2: PAX NO ADL+CHD | K2: 186
C3: PCS per PAX | E3: WGHT per PC | G3: HB WGHT per PAX | I3: PCS per FLT | J3: BAGGAGE WGHT | K3: HB WGHT
A4: LBD | B4: TJM | C4: =AVERAGEA(I7:I32) -> 0.90062112 | E4: =AVERAGEA(J7:J32) -> 15.247565 | G4: =AVERAGEA(K7:K32) -> 1.9561335 | I4: =C4*K2 -> 167.51553 | J4: =I4*E4 -> 2554.2039 | K4: =K2*G4 -> 363.84084
A5: DATE | B5: FLT NO | C5: AC TYPE | D5: ADULT | E5: CHD | F5: BAGGAGE | H5: CABIN BAGGAGE | I5: PCS per PAX | J5: WGHT per PC | K5: HB WGHT per PAX
F6: PCS | G6: WEIGHT
A7: 46149 | B7: 1450 | C7: B738 | D7: 152 | E7: 9 | F7: 143 | G7: 2106 | H7: 258 | I7: =F7/(D7+E7) -> 0.88819876 | J7: =G7/F7 -> 14.727273 | K7: =H7/(D7+E7) -> 1.6024845
A8: 46156 | B8: 1450 | C8: B738 | D8: 171 | E8: 13 | F8: 168 | G8: 2649 | H8: 425 | I8: =F8/(D8+E8) -> 0.91304348 | J8: =G8/F8 -> 15.767857 | K8: =H8/(D8+E8) -> 2.3097826

Sheet LBD_UFA 07_2026
A1: AVERAGE BAGGAGE WEIGHT TABLE | I1: Preliminary PAYLOAD
A2: FROM | B2: TO | C2: AVERAGE | I2: PAX NO ADL+CHD | K2: 186
C3: PCS per PAX | E3: WGHT per PC | G3: HB WGHT per PAX | I3: PCS per FLT | J3: BAGGAGE WGHT | K3: HB WGHT
A4: LBD | B4: UFA | C4: =AVERAGEA(I7:I32) -> 0.8928284 | E4: =AVERAGEA(J7:J32) -> 15.031538 | G4: =AVERAGEA(K7:K32) -> 1.7052781 | I4: =C4*K2 -> 166.06608 | J4: =I4*E4 -> 2496.2286 | K4: =K2*G4 -> 317.18173
A5: DATE | B5: FLT NO | C5: AC TYPE | D5: ADULT | E5: CHD | F5: BAGGAGE | H5: CABIN BAGGAGE | I5: PCS per PAX | J5: WGHT per PC | K5: HB WGHT per PAX | N5: STATUS | O5: ADULT+CHD | P5: No of PCS | Q5: WEIGHT | R5: AVERAGE BAG WEIGHT | S5: NO BAG per PAX
F6: PCS | G6: WEIGHT
A7: 46206 | B7: 1426 | C7: B738 | D7: 145 | E7: 24 | F7: 149 | G7: 2280 | H7: 283 | I7: =F7/(D7+E7) -> 0.8816568 | J7: =G7/F7 -> 15.302013 | K7: =H7/(D7+E7) -> 1.6745562 | N7: PRE | O7: =K2 -> 186 | P7: =I4 -> 166.06608 | Q7: =J4 -> 2496.2286 | R7: =Q7/P7 -> 15.031538 | S7: =P7/O7 -> 0.8928284
A8: 46213 | B8: 1426 | C8: B738 | D8: 112 | E8: 13 | F8: 113 | G8: 1668 | H8: 217 | I8: =F8/(D8+E8) -> 0.904 | J8: =G8/F8 -> 14.761062 | K8: =H8/(D8+E8) -> 1.736 | N8: LIR DATA/FINAL | O8: =O7 -> 186 | P8: =O8*S7 -> 166.06608 | Q8: =P8*R7 -> 2496.2286
N9: LOAD PLANNING DATA
N10: ULD | Q10: BULK
N11: ULD NO | O11: NO of PCS | P11: KG per ULD | Q11: POS | R11: NO of PCS | S11: KG per POS
N12: 1 | O12: 0 | P12: =O12*R7 -> 0 | Q12: 2 | R12: 40 | S12: =R12*R7 -> 601.26151
N13: 2 | O13: 0 | P13: =O13*R7 -> 0 | Q13: 3 | R13: 142 | S13: =R7*R13 -> 2134.4784
N14: 3 | O14: 1 | P14: =R7*O14 -> 15.031538 | Q14: 5 | R14: 0 | S14: =R14*R7 -> 0
N15: 4 | O15: 0 | P15: =R7*O15 -> 0 | Q15: 1 | R15: 0 | S15: =R7*R15 -> 0
N16: 5 | O16: 0 | P16: =R7*O16 -> 0 | R16: 0 | S16: =R7*R16 -> 0
N17: 6 | O17: 0 | P17: =R7*O17 -> 0 | R17: 0 | S17: =R7*R17 -> 0
N18: 7 | O18: 0 | P18: =R7*O18 -> 0 | R18: 0 | S18: =R7*R18 -> 0
N19: 8 | O19: 30 | P19: =R7*O19 -> 450.94613 | R19: 0 | S19: =R7*R19 -> 0
N20: 9 | O20: 50 | P20: =R7*O20 -> 751.57688 | R20: 0 | S20: =R7*R20 -> 0
N21: BULK | O21: 50 | P21: =R7*O21 -> 751.57688 | S21: =R7*R21 -> 0
N22: REST | O22: =P8-O12-O13-O14-O15-O16-O17-O18-O19-O20-O21 -> 35.066083 | P22: =Q8-P12-P13-P14-P15-P16-P17-P18-P19-P20-P21 -> 527.09715 | Q22: REST | R22: =P8-R12-R13-R14-R15-R16-R17-R18-R19-R20-R21 -> -15.933917 | S22: =Q8-S12-S13-S14-S15-S16-S17-S18-S19-S20-S21 -> -239.51128
N23: TOTAL | O23: =O12+O13+O14+O15+O16+O17+O18+O19+O20+O21 -> 131 | P23: =P12+P13+P14+P15+P16+P17+P18+P19+P20+P21 -> 1969.1314 | Q23: TOTAL | R23: =R12+R13+R14+R15+R16+R17+R18+R19+R20+R21 -> 182 | S23: =S12+S13+S14+S15+S16+S17+S18+S19+S20+S21 -> 2735.7399

Sheet LBD_KZN 07_2026
A1: AVERAGE BAGGAGE WEIGHT TABLE | I1: Preliminary PAYLOAD
A2: FROM | B2: TO | C2: AVERAGE | I2: PAX NO ADL+CHD | K2: 180
C3: PCS per PAX | E3: WGHT per PC | G3: HB WGHT per PAX | I3: PCS per FLT | J3: BAGGAGE WGHT | K3: HB WGHT
A4: LBD | B4: KZN | C4: =AVERAGEA(I7:I20) -> 0.88772737 | E4: =AVERAGEA(J7:J69) -> 15.567902 | G4: =AVERAGEA(K7:K50) -> 2.4625302 | I4: =C4*K2 -> 159.79093 | J4: =I4*E4 -> 2487.6095 | K4: =K2*G4 -> 443.25543
A5: DATE | B5: FLT NO | C5: AC TYPE | D5: ADULT | E5: CHD | F5: BAGGAGE | H5: CABIN BAGGAGE | I5: PCS per PAX | J5: WGHT per PC | K5: HB WGHT per PAX | N5: STATUS | O5: ADULT+CHD | P5: No of PCS | Q5: WEIGHT | R5: AVERAGE BAG WEIGHT | S5: NO BAG per PAX
F6: PCS | G6: WEIGHT
A7: 46205 | B7: 1410 | C7: A322 | D7: 170 | E7: 18 | F7: 166 | G7: 2490 | H7: 443 | I7: =F7/(D7+E7) -> 0.88297872 | J7: =G7/F7 -> 15 | K7: =H7/(D7+E7) -> 2.356383 | N7: PRE | O7: =K2 -> 180 | P7: =I4 -> 159.79093 | Q7: =J4 -> 2487.6095 | R7: =Q7/P7 -> 15.567902 | S7: =P7/O7 -> 0.88772737
A8: 46209 | B8: 1410 | C8: A322 | D8: 173 | E8: 14 | F8: 166 | G8: 2603 | H8: 433 | I8: =F8/(D8+E8) -> 0.88770053 | J8: =G8/F8 -> 15.680723 | K8: =H8/(D8+E8) -> 2.315508 | N8: LIR DATA/FINAL | O8: =O7 -> 180 | P8: =O8*S7 -> 159.79093 | Q8: =P8*R7 -> 2487.6095
A9: 46212 | B9: 1410 | C9: A322 | D9: 192 | E9: 13 | F9: 181 | G9: 2847 | H9: 512 | I9: =F9/(D9+E9) -> 0.88292683 | J9: =G9/F9 -> 15.729282 | K9: =H9/(D9+E9) -> 2.497561 | N9: LOAD PLANNING DATA
A10: 46216 | B10: 1410 | C10: A322 | D10: 199 | E10: 10 | F10: 179 | G10: 2764 | H10: 642 | I10: =F10/(D10+E10) -> 0.85645933 | J10: =G10/F10 -> 15.441341 | K10: =H10/(D10+E10) -> 3.0717703 | N10: ULD | Q10: BULK
A11: 46219 | B11: 1410 | C11: B738 | D11: 163 | E11: 19 | F11: 169 | G11: 2702 | H11: 377 | I11: =F11/(D11+E11) -> 0.92857143 | J11: =G11/F11 -> 15.988166 | K11: =H11/(D11+E11) -> 2.0714286 | N11: ULD NO | O11: NO of PCS | P11: KG per ULD | Q11: POS | R11: NO of PCS | S11: KG per POS
N12: 1 | O12: 0 | P12: =O12*R7 -> 0 | Q12: 3 | R12: 40 | S12: =R12*R7 -> 622.71609
N13: 2 | O13: 0 | P13: =O13*R7 -> 0 | Q13: 4 | R13: 130 | S13: =R7*R13 -> 2023.8273
N14: 3 | O14: 1 | P14: =R7*O14 -> 15.567902 | Q14: 5 | R14: 0 | S14: =R14*R7 -> 0
N15: 4 | O15: 0 | P15: =R7*O15 -> 0 | Q15: 1 | R15: 0 | S15: =R7*R15 -> 0
N16: 5 | O16: 0 | P16: =R7*O16 -> 0 | R16: 0 | S16: =R7*R16 -> 0
N17: 6 | O17: 0 | P17: =R7*O17 -> 0 | R17: 0 | S17: =R7*R17 -> 0
N18: 7 | O18: 0 | P18: =R7*O18 -> 0 | R18: 0 | S18: =R7*R18 -> 0
N19: 8 | O19: 30 | P19: =R7*O19 -> 467.03707 | R19: 0 | S19: =R7*R19 -> 0
N20: 9 | O20: 50 | P20: =R7*O20 -> 778.39511 | R20: 0 | S20: =R7*R20 -> 0
N21: BULK | O21: 50 | P21: =R7*O21 -> 778.39511 | S21: =R7*R21 -> 0
N22: REST | O22: =P8-O12-O13-O14-O15-O16-O17-O18-O19-O20-O21 -> 28.790926 | P22: =Q8-P12-P13-P14-P15-P16-P17-P18-P19-P20-P21 -> 448.21433 | Q22: REST | R22: =P8-R12-R13-R14-R15-R16-R17-R18-R19-R20-R21 -> -10.209074 | S22: =Q8-S12-S13-S14-S15-S16-S17-S18-S19-S20-S21 -> -158.93386
N23: TOTAL | O23: =O12+O13+O14+O15+O16+O17+O18+O19+O20+O21 -> 131 | P23: =P12+P13+P14+P15+P16+P17+P18+P19+P20+P21 -> 2039.3952 | Q23: TOTAL | R23: =R12+R13+R14+R15+R16+R17+R18+R19+R20+R21 -> 170 | S23: =S12+S13+S14+S15+S16+S17+S18+S19+S20+S21 -> 2646.5434

Sheet LBD_REN 05_2024
A1: AVERAGE BAGGAGE WEIGHT TABLE | I1: Preliminary PAYLOAD
A2: FROM | B2: TO | C2: AVERAGE | I2: PAX NO ADL+CHD | K2: 180
C3: PCS per PAX | E3: WGHT per PC | G3: HB WGHT per PAX | I3: PCS per FLT | J3: BAGGAGE WGHT
A4: LBD | B4: REN | C4: =AVERAGEA(I7:I18) -> 0.86125283 | E4: =AVERAGEA(J7:J18) -> 15.223449 | G4: =AVERAGEA(K7:K18) -> 1.9819848 | I4: =C4*K2 -> 155.02551 | J4: =I4*E4 -> 2360.0229 | K4: =K2*G4 -> 356.75727
A5: DATE | B5: FLT NO | C5: AC TYPE | D5: ADULT | E5: CHD | F5: BAGGAGE | H5: CABIN BAGGAGE | I5: PCS per PAX | J5: WGHT per PC | K5: HB WGHT per PAX | N5: STATUS | O5: ADULT+CHD | P5: No of PCS | Q5: WEIGHT | R5: AVERAGE BAG WEIGHT | S5: NO BAG per PAX
F6: PCS | G6: WEIGHT
A7: 45418 | B7: 1434 | C7: B738 | D7: 119 | E7: 5 | F7: 110 | G7: 1717 | H7: 469 | I7: =F7/(D7+E7) -> 0.88709677 | J7: =G7/F7 -> 15.609091 | K7: =H7/(D7+E7) -> 3.7822581 | N7: PRE | O7: =K2 -> 180 | P7: =I4 -> 155.02551 | Q7: =J4 -> 2360.0229 | R7: =Q7/P7 -> 15.223449 | S7: =P7/O7 -> 0.86125283
A8: 45425 | B8: 1434 | C8: B738 | D8: 164 | E8: 7 | F8: 154 | G8: 2438 | H8: 320 | I8: =F8/(D8+E8) -> 0.9005848 | J8: =G8/F8 -> 15.831169 | K8: =H8/(D8+E8) -> 1.871345 | N8: LIR DATA/FINAL | O8: =O7 -> 180 | P8: =O8*S7 -> 155.02551 | Q8: =P8*R7 -> 2360.0229
A9: 45432 | B9: 1434 | C9: B738 | D9: 105 | E9: 8 | F9: 90 | G9: 1209 | H9: 257 | I9: =F9/(D9+E9) -> 0.79646018 | J9: =G9/F9 -> 13.433333 | K9: =H9/(D9+E9) -> 2.2743363 | N9: LOAD PLANNING DATA
A10: 45439 | B10: 1434 | C10: B738 | D10: 100 | E10: 15 | F10: 99 | G10: 1586 | H10: 0 | I10: =F10/(D10+E10) -> 0.86086957 | J10: =G10/F10 -> 16.020202 | K10: =H10/(D10+E10) -> 0 | N10: ULD | Q10: BULK
N11: ULD NO | O11: NO of PCS | P11: KG per ULD | Q11: POS | R11: NO of PCS | S11: KG per POS
N12: 1 | O12: 0 | P12: =O12*R7 -> 0 | Q12: 3 | R12: 40 | S12: =R12*R7 -> 608.93795
N13: 2 | O13: 0 | P13: =O13*R7 -> 0 | Q13: 4 | R13: 127 | S13: =R7*R13 -> 1933.378
N14: 3 | O14: 1 | P14: =R7*O14 -> 15.223449 | Q14: 5 | R14: 0 | S14: =R14*R7 -> 0
N15: 4 | O15: 0 | P15: =R7*O15 -> 0 | Q15: 1 | R15: 0 | S15: =R7*R15 -> 0
N16: 5 | O16: 0 | P16: =R7*O16 -> 0 | R16: 0 | S16: =R7*R16 -> 0
N17: 6 | O17: 0 | P17: =R7*O17 -> 0 | R17: 0 | S17: =R7*R17 -> 0
N18: 7 | O18: 0 | P18: =R7*O18 -> 0 | R18: 0 | S18: =R7*R18 -> 0
N19: 8 | O19: 30 | P19: =R7*O19 -> 456.70346 | R19: 0 | S19: =R7*R19 -> 0
N20: 9 | O20: 50 | P20: =R7*O20 -> 761.17244 | R20: 0 | S20: =R7*R20 -> 0
N21: BULK | O21: 50 | P21: =R7*O21 -> 761.17244 | S21: =R7*R21 -> 0
N22: REST | O22: =P8-O12-O13-O14-O15-O16-O17-O18-O19-O20-O21 -> 24.025509 | P22: =Q8-P12-P13-P14-P15-P16-P17-P18-P19-P20-P21 -> 365.75111 | Q22: REST | R22: =P8-R12-R13-R14-R15-R16-R17-R18-R19-R20-R21 -> -11.974491 | S22: =Q8-S12-S13-S14-S15-S16-S17-S18-S19-S20-S21 -> -182.29305
N23: TOTAL | O23: =O12+O13+O14+O15+O16+O17+O18+O19+O20+O21 -> 131 | P23: =P12+P13+P14+P15+P16+P17+P18+P19+P20+P21 -> 1994.2718 | Q23: TOTAL | R23: =R12+R13+R14+R15+R16+R17+R18+R19+R20+R21 -> 167 | S23: =S12+S13+S14+S15+S16+S17+S18+S19+S20+S21 -> 2542.3159

Sheet HOG_SVO 02_26
A1: AVERAGE BAGGAGE WEIGHT TABLE | I1: Preliminary PAYLOAD
A2: FROM | B2: TO | C2: AVERAGE | I2: PAX NO ADL+CHD | K2: 200
C3: PCS per PAX | E3: WGHT per PC | G3: HB WGHT per PAX | I3: PCS per FLT | J3: BAGGAGE WGHT | K3: HB WGHT
A4: HOG | B4: SVO | C4: =AVERAGEA(I7:I44) -> 0.76638058 | E4: =AVERAGEA(J7:J44) -> 12.843583 | G4: =AVERAGEA(K7:K44) -> 0 | I4: =C4*K2 -> 153.27612 | J4: =I4*E4 -> 1968.6145 | K4: =K2*G4 -> 0
A5: DATE | B5: FLT NO | C5: AC TYPE | D5: ADULT | E5: CHD | F5: BAGGAGE | H5: CABIN BAGGAGE | I5: PCS per PAX | J5: WGHT per PC | K5: HB WGHT per PAX
F6: PCS | G6: WEIGHT
A7: 46064 | B7: 558 | C7: B77W | D7: 443 | E7: 30 | F7: 374 | G7: 4610 | H7: 0 | I7: =F7/(D7+E7) -> 0.79069767 | J7: =G7/F7 -> 12.326203 | K7: =H7/(D7+E7) -> 0
A8: 46074 | B8: 558 | C8: B77W | D8: 461 | E8: 43 | F8: 374 | G8: 4997 | H8: 0 | I8: =F8/(D8+E8) -> 0.74206349 | J8: =G8/F8 -> 13.360963 | K8: =H8/(D8+E8) -> 0

Sheet HRG_SVO 10_2023
A1: AVERAGE BAGGAGE WEIGHT TABLE | I1: Preliminary PAYLOAD
A2: FROM | B2: TO | C2: AVERAGE | I2: PAX NO ADL+CHD | K2: 437
C3: PCS per PAX | E3: WGHT per PC | G3: HB WGHT per PAX | I3: PCS per FLT | J3: BAGGAGE WGHT | K3: HB WGHT
A4: HRG | B4: SVO | C4: =AVERAGEA(I7:I50) -> 0.72562947 | E4: =AVERAGEA(J7:J50) -> 12.36772 | G4: =AVERAGEA(K7:K50) -> 5 | I4: =C4*K2 -> 317.10008 | J4: =I4*E4 -> 3921.8051 | K4: =K2*G4 -> 2185
A5: DATE | B5: FLT NO | C5: AC TYPE | D5: ADULT | E5: CHD | F5: BAGGAGE | H5: CABIN BAGGAGE | I5: PCS per PAX | J5: WGHT per PC | K5: HB WGHT per PAX | N5: STATUS | O5: ADULT+CHD | P5: No of PCS | Q5: WEIGHT | R5: AVERAGE BAG WEIGHT | S5: NO BAG per PAX
F6: PCS | G6: WEIGHT
A7: 45201 | B7: EO3778 | C7: B772 | D7: 257 | E7: 55 | F7: 223 | G7: 2736 | H7: 1560 | I7: =F7/(D7+E7) -> 0.71474359 | J7: =G7/F7 -> 12.269058 | K7: =H7/(D7+E7) -> 5 | N7: PRE | O7: =K2 -> 437 | P7: =I4 -> 317.10008 | Q7: =J4 -> 3921.8051 | R7: =Q7/P7 -> 12.36772 | S7: =P7/O7 -> 0.72562947
A8: 45203 | B8: EO3778 | C8: B772 | D8: 331 | E8: 106 | F8: 308 | G8: 3847 | H8: 2185 | I8: =F8/(D8+E8) -> 0.70480549 | J8: =G8/F8 -> 12.49026 | K8: =H8/(D8+E8) -> 5 | N8: LIR DATA/FINAL | O8: =O7 -> 437 | P8: =O8*S7 -> 317.10008 | Q8: =P8*R7 -> 3921.8051
A9: 45208 | B9: EO3778 | C9: B772 | D9: 347 | E9: 69 | F9: 293 | G9: 3706 | H9: 2080 | I9: =F9/(D9+E9) -> 0.70432692 | J9: =G9/F9 -> 12.648464 | K9: =H9/(D9+E9) -> 5 | N9: LOAD PLANNING DATA
A10: 45210 | B10: EO3778 | C10: B772 | D10: 362 | E10: 75 | F10: 330 | G10: 4039 | H10: 2185 | I10: =F10/(D10+E10) -> 0.75514874 | J10: =G10/F10 -> 12.239394 | K10: =H10/(D10+E10) -> 5 | N10: ULD | Q10: BULK
A11: 45215 | B11: EO3778 | C11: B772 | D11: 353 | E11: 82 | F11: 319 | G11: 3966 | H11: 2175 | I11: =F11/(D11+E11) -> 0.73333333 | J11: =G11/F11 -> 12.432602 | K11: =H11/(D11+E11) -> 5 | N11: ULD NO | O11: NO of PCS | P11: KG per ULD | Q11: POS | R11: NO of PCS | S11: KG per POS
A12: 45217 | B12: EO3778 | C12: B772 | D12: 374 | E12: 63 | F12: 324 | G12: 3929 | H12: 2185 | I12: =F12/(D12+E12) -> 0.74141876 | J12: =G12/F12 -> 12.126543 | K12: =H12/(D12+E12) -> 5 | N12: 1 | O12: 44 | P12: =O12*R7 -> 544.17969 | Q12: 3 | R12: 35 | S12: =R12*R7 -> 432.87021
N13: 2 | O13: 44 | P13: =O13*R7 -> 544.17969 | Q13: 4 | R13: 18 | S13: =R7*R13 -> 222.61896
N14: 3 | O14: 44 | P14: =R7*O14 -> 544.17969 | Q14: 5 | R14: 0 | S14: =R14*R7 -> 0
N15: 4 | O15: 44 | P15: =R7*O15 -> 544.17969 | Q15: 1 | R15: 0 | S15: =R7*R15 -> 0
N16: 5 | O16: 44 | P16: =R7*O16 -> 544.17969 | R16: 0 | S16: =R7*R16 -> 0
N17: 6 | O17: 44 | P17: =R7*O17 -> 544.17969 | R17: 0 | S17: =R7*R17 -> 0
N18: 7 | O18: 43 | P18: =R7*O18 -> 531.81197 | R18: 0 | S18: =R7*R18 -> 0
N19: 8 | O19: 40 | P19: =R7*O19 -> 494.70881 | R19: 0 | S19: =R7*R19 -> 0
N20: 9 | O20: 0 | P20: =R7*O20 -> 0 | R20: 0 | S20: =R7*R20 -> 0
N21: BULK | O21: 0 | P21: =R7*O21 -> 0 | S21: =R7*R21 -> 0
N22: REST | O22: =P8-O12-O13-O14-O15-O16-O17-O18-O19-O20-O21 -> -29.89992 | P22: =Q8-P12-P13-P14-P15-P16-P17-P18-P19-P20-P21 -> -369.79384 | Q22: REST | R22: =P8-R12-R13-R14-R15-R16-R17-R18-R19-R20-R21 -> 264.10008 | S22: =Q8-S12-S13-S14-S15-S16-S17-S18-S19-S20-S21 -> 3266.3159
N23: TOTAL | O23: =O12+O13+O14+O15+O16+O17+O18+O19+O20+O21 -> 347 | P23: =P12+P13+P14+P15+P16+P17+P18+P19+P20+P21 -> 4291.5989 | Q23: TOTAL | R23: =R12+R13+R14+R15+R16+R17+R18+R19+R20+R21 -> 53 | S23: =S12+S13+S14+S15+S16+S17+S18+S19+S20+S21 -> 655.48917

Sheet KQT_SVO 07_2026
A1: AVERAGE BAGGAGE WEIGHT TABLE | I1: Preliminary PAYLOAD
A2: FROM | B2: TO | C2: AVERAGE | I2: PAX NO ADL+CHD | K2: 178
C3: PCS per PAX | E3: WGHT per PC | G3: HB WGHT per PAX | I3: PCS per FLT | J3: BAGGAGE WGHT | K3: HB WGHT
A4: KQT | B4: SVO | C4: =AVERAGEA(I7:I40) -> 0.86413458 | E4: =AVERAGEA(J7:J40) -> 13.951072 | G4: =AVERAGEA(K7:K40) -> 2.9035813 | I4: =C4*K2 -> 153.81595 | J4: =I4*E4 -> 2145.8975 | K4: =K2*G4 -> 516.83747
A5: DATE | B5: FLT NO | C5: AC TYPE | D5: ADULT | E5: CHD | F5: BAGGAGE | H5: CABIN BAGGAGE | I5: PCS per PAX | J5: WGHT per PC | K5: HB WGHT per PAX | N5: STATUS | O5: ADULT+CHD | P5: No of PCS | Q5: WEIGHT | R5: AVERAGE BAG WEIGHT | S5: NO BAG per PAX
F6: PCS | G6: WEIGHT
A7: 46209 | B7: 1402 | C7: B738 | D7: 117 | E7: 4 | F7: 107 | G7: 1519 | H7: 380 | I7: =F7/(D7+E7) -> 0.88429752 | J7: =G7/F7 -> 14.196262 | K7: =H7/(D7+E7) -> 3.1404959 | N7: PRE | O7: =K2 -> 178 | P7: =I4 -> 153.81595 | Q7: =J4 -> 2145.8975 | R7: =Q7/P7 -> 13.951072 | S7: =P7/O7 -> 0.86413458
A8: 46216 | B8: 1402 | C8: B738 | D8: 132 | E8: 9 | F8: 119 | G8: 1631 | H8: 376 | I8: =F8/(D8+E8) -> 0.84397163 | J8: =G8/F8 -> 13.705882 | K8: =H8/(D8+E8) -> 2.6666667 | N8: LIR DATA/FINAL | O8: =O7 -> 178 | P8: =O8*S7 -> 153.81595 | Q8: =P8*R7 -> 2145.8975
N9: LOAD PLANNING DATA
N10: ULD | Q10: BULK
N11: ULD NO | O11: NO of PCS | P11: KG per ULD | Q11: POS | R11: NO of PCS | S11: KG per POS
N12: 1 | O12: 0 | P12: =O12*R7 -> 0 | Q12: 3 | R12: 40 | S12: =R12*R7 -> 558.04288
N13: 2 | O13: 0 | P13: =O13*R7 -> 0 | Q13: 4 | R13: 131 | S13: =R7*R13 -> 1827.5904
N14: 3 | O14: 1 | P14: =R7*O14 -> 13.951072 | Q14: 5 | R14: 0 | S14: =R14*R7 -> 0
N15: 4 | O15: 0 | P15: =R7*O15 -> 0 | Q15: 1 | R15: 0 | S15: =R7*R15 -> 0
N16: 5 | O16: 0 | P16: =R7*O16 -> 0 | R16: 0 | S16: =R7*R16 -> 0
N17: 6 | O17: 0 | P17: =R7*O17 -> 0 | R17: 0 | S17: =R7*R17 -> 0
N18: 7 | O18: 0 | P18: =R7*O18 -> 0 | R18: 0 | S18: =R7*R18 -> 0
N19: 8 | O19: 30 | P19: =R7*O19 -> 418.53216 | R19: 0 | S19: =R7*R19 -> 0
N20: 9 | O20: 50 | P20: =R7*O20 -> 697.5536 | R20: 0 | S20: =R7*R20 -> 0
N21: BULK | O21: 50 | P21: =R7*O21 -> 697.5536 | R21: 0 | S21: =R7*R21 -> 0
N22: REST | O22: =P8-O12-O13-O14-O15-O16-O17-O18-O19-O20-O21 -> 22.815955 | P22: =Q8-P12-P13-P14-P15-P16-P17-P18-P19-P20-P21 -> 318.30702 | Q22: REST | R22: =P8-R12-R13-R14-R15-R16-R17-R18-R19-R20-R21 -> -17.184045 | S22: =Q8-S12-S13-S14-S15-S16-S17-S18-S19-S20-S21 -> -239.73586
N23: TOTAL | O23: =O12+O13+O14+O15+O16+O17+O18+O19+O20+O21 -> 131 | P23: =P12+P13+P14+P15+P16+P17+P18+P19+P20+P21 -> 1827.5904 | Q23: TOTAL | R23: =R12+R13+R14+R15+R16+R17+R18+R19+R20+R21 -> 171 | S23: =S12+S13+S14+S15+S16+S17+S18+S19+S20+S21 -> 2385.6333

Sheet KQT_KZN 07_2026
A1: AVERAGE BAGGAGE WEIGHT TABLE | I1: Preliminary PAYLOAD
A2: FROM | B2: TO | C2: AVERAGE | I2: PAX NO ADL+CHD | K2: 178
C3: PCS per PAX | E3: WGHT per PC | G3: HB WGHT per PAX | I3: PCS per FLT | J3: BAGGAGE WGHT | K3: HB WGHT
A4: KQT | B4: KZN | C4: =AVERAGEA(I7:I40) -> 0.88459057 | E4: =AVERAGEA(J7:J40) -> 13.36611 | G4: =AVERAGEA(K7:K40) -> 2.4906018 | I4: =C4*K2 -> 157.45712 | J4: =I4*E4 -> 2104.5892 | K4: =K2*G4 -> 443.32712
A5: DATE | B5: FLT NO | C5: AC TYPE | D5: ADULT | E5: CHD | F5: BAGGAGE | H5: CABIN BAGGAGE | I5: PCS per PAX | J5: WGHT per PC | K5: HB WGHT per PAX | N5: STATUS | O5: ADULT+CHD | P5: No of PCS | Q5: WEIGHT | R5: AVERAGE BAG WEIGHT | S5: NO BAG per PAX
F6: PCS | G6: WEIGHT
A7: 46205 | B7: 1442 | C7: B738 | D7: 164 | E7: 8 | F7: 154 | G7: 2232 | H7: 432 | I7: =F7/(D7+E7) -> 0.89534884 | J7: =G7/F7 -> 14.493506 | K7: =H7/(D7+E7) -> 2.5116279 | N7: PRE | O7: =K2 -> 178 | P7: =I4 -> 157.45712 | Q7: =J4 -> 2104.5892 | R7: =Q7/P7 -> 13.36611 | S7: =P7/O7 -> 0.88459057
A8: 46208 | B8: 1442 | C8: B738 | D8: 177 | E8: 7 | F8: 161 | G8: 2057 | H8: 426 | I8: =F8/(D8+E8) -> 0.875 | J8: =G8/F8 -> 12.776398 | K8: =H8/(D8+E8) -> 2.3152174 | N8: LIR DATA/FINAL | O8: =O7 -> 178 | P8: =O8*S7 -> 157.45712 | Q8: =P8*R7 -> 2104.5892
A9: 46211 | B9: 1442 | C9: B738 | D9: 171 | E9: 2 | F9: 153 | G9: 1908 | H9: 414 | I9: =F9/(D9+E9) -> 0.88439306 | J9: =G9/F9 -> 12.470588 | K9: =H9/(D9+E9) -> 2.3930636 | N9: LOAD PLANNING DATA
A10: 46215 | B10: 1442 | C10: B738 | D10: 174 | E10: 2 | F10: 151 | G10: 2084 | H10: 516 | I10: =F10/(D10+E10) -> 0.85795455 | J10: =G10/F10 -> 13.801325 | K10: =H10/(D10+E10) -> 2.9318182 | N10: ULD | Q10: BULK
A11: 46218 | B11: 1442 | C11: B738 | D11: 156 | E11: 0 | F11: 142 | G11: 1887 | H11: 359 | I11: =F11/(D11+E11) -> 0.91025641 | J11: =G11/F11 -> 13.288732 | K11: =H11/(D11+E11) -> 2.3012821 | N11: ULD NO | O11: NO of PCS | P11: KG per ULD | Q11: POS | R11: NO of PCS | S11: KG per POS
N12: 1 | O12: 0 | P12: =O12*R7 -> 0 | Q12: 3 | R12: 40 | S12: =R12*R7 -> 534.64439
N13: 2 | O13: 0 | P13: =O13*R7 -> 0 | Q13: 4 | R13: 131 | S13: =R7*R13 -> 1750.9604
N14: 3 | O14: 1 | P14: =R7*O14 -> 13.36611 | Q14: 5 | R14: 0 | S14: =R14*R7 -> 0
N15: 4 | O15: 0 | P15: =R7*O15 -> 0 | Q15: 1 | R15: 0 | S15: =R7*R15 -> 0
N16: 5 | O16: 0 | P16: =R7*O16 -> 0 | R16: 0 | S16: =R7*R16 -> 0
N17: 6 | O17: 0 | P17: =R7*O17 -> 0 | R17: 0 | S17: =R7*R17 -> 0
N18: 7 | O18: 0 | P18: =R7*O18 -> 0 | R18: 0 | S18: =R7*R18 -> 0
N19: 8 | O19: 30 | P19: =R7*O19 -> 400.98329 | R19: 0 | S19: =R7*R19 -> 0
N20: 9 | O20: 50 | P20: =R7*O20 -> 668.30549 | R20: 0 | S20: =R7*R20 -> 0
N21: BULK | O21: 50 | P21: =R7*O21 -> 668.30549 | R21: 0 | S21: =R7*R21 -> 0
N22: REST | O22: =P8-O12-O13-O14-O15-O16-O17-O18-O19-O20-O21 -> 26.457122 | P22: =Q8-P12-P13-P14-P15-P16-P17-P18-P19-P20-P21 -> 353.62879 | Q22: REST | R22: =P8-R12-R13-R14-R15-R16-R17-R18-R19-R20-R21 -> -13.542878 | S22: =Q8-S12-S13-S14-S15-S16-S17-S18-S19-S20-S21 -> -181.0156
N23: TOTAL | O23: =O12+O13+O14+O15+O16+O17+O18+O19+O20+O21 -> 131 | P23: =P12+P13+P14+P15+P16+P17+P18+P19+P20+P21 -> 1750.9604 | Q23: TOTAL | R23: =R12+R13+R14+R15+R16+R17+R18+R19+R20+R21 -> 171 | S23: =S12+S13+S14+S15+S16+S17+S18+S19+S20+S21 -> 2285.6048

Sheet KQT_UFA 07_2026
A1: AVERAGE BAGGAGE WEIGHT TABLE | I1: Preliminary PAYLOAD
A2: FROM | B2: TO | C2: AVERAGE | I2: PAX NO ADL+CHD | K2: 178
C3: PCS per PAX | E3: WGHT per PC | G3: HB WGHT per PAX | I3: PCS per FLT | J3: BAGGAGE WGHT | K3: HB WGHT
A4: KQT | B4: UFA | C4: =AVERAGEA(I7:I40) -> 0.85071579 | E4: =AVERAGEA(J7:J40) -> 12.51107 | G4: =AVERAGEA(K7:K40) -> 2.5381992 | I4: =C4*K2 -> 151.42741 | J4: =I4*E4 -> 1894.5189 | K4: =K2*G4 -> 451.79947
A5: DATE | B5: FLT NO | C5: AC TYPE | D5: ADULT | E5: CHD | F5: BAGGAGE | H5: CABIN BAGGAGE | I5: PCS per PAX | J5: WGHT per PC | K5: HB WGHT per PAX | N5: STATUS | O5: ADULT+CHD | P5: No of PCS | Q5: WEIGHT | R5: AVERAGE BAG WEIGHT | S5: NO BAG per PAX
F6: PCS | G6: WEIGHT
A7: 46205 | B7: 1428 | C7: B738 | D7: 158 | E7: 4 | F7: 139 | G7: 1654 | H7: 348 | I7: =F7/(D7+E7) -> 0.85802469 | J7: =G7/F7 -> 11.899281 | K7: =H7/(D7+E7) -> 2.1481481 | N7: PRE | O7: =K2 -> 178 | P7: =I4 -> 151.42741 | Q7: =J4 -> 1894.5189 | R7: =Q7/P7 -> 12.51107 | S7: =P7/O7 -> 0.85071579
A8: 46212 | B8: 1428 | C8: B738 | D8: 127 | E8: 4 | F8: 112 | G8: 1457 | H8: 357 | I8: =F8/(D8+E8) -> 0.85496183 | J8: =G8/F8 -> 13.008929 | K8: =H8/(D8+E8) -> 2.7251908 | N8: LIR DATA/FINAL | O8: =O7 -> 178 | P8: =O8*S7 -> 151.42741 | Q8: =P8*R7 -> 1894.5189
A9: 46219 | B9: 1428 | C9: B738 | D9: 141 | E9: 2 | F9: 120 | G9: 1515 | H9: 392 | I9: =F9/(D9+E9) -> 0.83916084 | J9: =G9/F9 -> 12.625 | K9: =H9/(D9+E9) -> 2.7412587 | N9: LOAD PLANNING DATA
N10: ULD | Q10: BULK
N11: ULD NO | O11: NO of PCS | P11: KG per ULD | Q11: POS | R11: NO of PCS | S11: KG per POS
N12: 1 | O12: 0 | P12: =O12*R7 -> 0 | Q12: 3 | R12: 40 | S12: =R12*R7 -> 500.44279
N13: 2 | O13: 0 | P13: =O13*R7 -> 0 | Q13: 4 | R13: 131 | S13: =R7*R13 -> 1638.9501
N14: 3 | O14: 1 | P14: =R7*O14 -> 12.51107 | Q14: 5 | R14: 0 | S14: =R14*R7 -> 0
N15: 4 | O15: 0 | P15: =R7*O15 -> 0 | Q15: 1 | R15: 0 | S15: =R7*R15 -> 0
N16: 5 | O16: 0 | P16: =R7*O16 -> 0 | R16: 0 | S16: =R7*R16 -> 0
N17: 6 | O17: 0 | P17: =R7*O17 -> 0 | R17: 0 | S17: =R7*R17 -> 0
N18: 7 | O18: 0 | P18: =R7*O18 -> 0 | R18: 0 | S18: =R7*R18 -> 0
N19: 8 | O19: 30 | P19: =R7*O19 -> 375.33209 | R19: 0 | S19: =R7*R19 -> 0
N20: 9 | O20: 50 | P20: =R7*O20 -> 625.55349 | R20: 0 | S20: =R7*R20 -> 0
N21: BULK | O21: 50 | P21: =R7*O21 -> 625.55349 | R21: 0 | S21: =R7*R21 -> 0
N22: REST | O22: =P8-O12-O13-O14-O15-O16-O17-O18-O19-O20-O21 -> 20.42741 | P22: =Q8-P12-P13-P14-P15-P16-P17-P18-P19-P20-P21 -> 255.56875 | Q22: REST | R22: =P8-R12-R13-R14-R15-R16-R17-R18-R19-R20-R21 -> -19.57259 | S22: =Q8-S12-S13-S14-S15-S16-S17-S18-S19-S20-S21 -> -244.87404
N23: TOTAL | O23: =O12+O13+O14+O15+O16+O17+O18+O19+O20+O21 -> 131 | P23: =P12+P13+P14+P15+P16+P17+P18+P19+P20+P21 -> 1638.9501 | Q23: TOTAL | R23: =R12+R13+R14+R15+R16+R17+R18+R19+R20+R21 -> 171 | S23: =S12+S13+S14+S15+S16+S17+S18+S19+S20+S21 -> 2139.3929

Sheet KQT_KJA 07_2023
A1: AVERAGE BAGGAGE WEIGHT TABLE | I1: Preliminary PAYLOAD
A2: FROM | B2: TO | C2: AVERAGE | I2: PAX NO ADL+CHD | K2: 120
C3: PCS per PAX | E3: WGHT per PC | G3: HB WGHT per PAX | I3: PCS per FLT | J3: BAGGAGE WGHT | K3: HB WGHT
A4: KQT | B4: KJA | C4: =AVERAGEA(I7:I51) -> 0.93351064 | E4: =AVERAGEA(J7:J51) -> 15.127864 | G4: =AVERAGEA(K7:K51) -> 3.3776596 | I4: =C4*K2 -> 112.02128 | J4: =I4*E4 -> 1694.6426 | K4: =K2*G4 -> 405.31915
A5: DATE | B5: FLT NO | C5: AC TYPE | D5: ADULT | E5: CHD | F5: BAGGAGE | H5: CABIN BAGGAGE | I5: PCS per PAX | J5: WGHT per PC | K5: HB WGHT per PAX | N5: STATUS | O5: ADULT+CHD | P5: No of PCS | Q5: WEIGHT | R5: AVERAGE BAG WEIGHT | S5: NO BAG per PAX
F6: PCS | G6: WEIGHT
A7: 45112 | B7: N41442 | C7: B737 | D7: 82 | E7: 12 | F7: 92 | G7: 1387 | H7: 284 | I7: =F7/(D7+E7) -> 0.9787234 | J7: =G7/F7 -> 15.076087 | K7: =H7/(D7+E7) -> 3.0212766 | N7: PRE | O7: =K2 -> 120 | P7: =I4 -> 112.02128 | Q7: =J4 -> 1694.6426 | R7: =Q7/P7 -> 15.127864 | S7: =P7/O7 -> 0.93351064
A8: 45119 | B8: N41442 | C8: B737 | D8: 148 | E8: 40 | F8: 167 | G8: 2535 | H8: 702 | I8: =F8/(D8+E8) -> 0.88829787 | J8: =G8/F8 -> 15.179641 | K8: =H8/(D8+E8) -> 3.7340426 | N8: LIR DATA/FINAL | O8: =O7 -> 120 | P8: =O8*S7 -> 112.02128 | Q8: =P8*R7 -> 1694.6426
N9: LOAD PLANNING DATA
N10: ULD | Q10: BULK
N11: ULD NO | O11: NO of PCS | P11: KG per ULD | Q11: POS | R11: NO of PCS | S11: KG per POS
N12: 1 | O12: 0 | P12: =O12*R7 -> 0 | Q12: 3 | R12: 35 | S12: =R12*R7 -> 529.47523
N13: 2 | O13: 0 | P13: =O13*R7 -> 0 | Q13: 4 | R13: 18 | S13: =R7*R13 -> 272.30155
N14: 3 | O14: 1 | P14: =R7*O14 -> 15.127864 | Q14: 5 | R14: 0 | S14: =R14*R7 -> 0
N15: 4 | O15: 0 | P15: =R7*O15 -> 0 | Q15: 1 | R15: 0 | S15: =R7*R15 -> 0
N16: 5 | O16: 0 | P16: =R7*O16 -> 0 | R16: 0 | S16: =R7*R16 -> 0
N17: 6 | O17: 0 | P17: =R7*O17 -> 0 | R17: 0 | S17: =R7*R17 -> 0
N18: 7 | O18: 0 | P18: =R7*O18 -> 0 | R18: 0 | S18: =R7*R18 -> 0
N19: 8 | O19: 30 | P19: =R7*O19 -> 453.83592 | R19: 0 | S19: =R7*R19 -> 0
N20: 9 | O20: 50 | P20: =R7*O20 -> 756.39319 | R20: 0 | S20: =R7*R20 -> 0
N21: BULK | O21: 50 | P21: =R7*O21 -> 756.39319 | S21: =R7*R21 -> 0
N22: REST | O22: =P8-O12-O13-O14-O15-O16-O17-O18-O19-O20-O21 -> -18.978723 | P22: =Q8-P12-P13-P14-P15-P16-P17-P18-P19-P20-P21 -> -287.10754 | Q22: REST | R22: =P8-R12-R13-R14-R15-R16-R17-R18-R19-R20-R21 -> 59.021277 | S22: =Q8-S12-S13-S14-S15-S16-S17-S18-S19-S20-S21 -> 892.86584
N23: TOTAL | O23: =O12+O13+O14+O15+O16+O17+O18+O19+O20+O21 -> 131 | P23: =P12+P13+P14+P15+P16+P17+P18+P19+P20+P21 -> 1981.7502 | Q23: TOTAL | R23: =R12+R13+R14+R15+R16+R17+R18+R19+R20+R21 -> 53 | S23: =S12+S13+S14+S15+S16+S17+S18+S19+S20+S21 -> 801.77678

Sheet DYU_UFA 07_2026
A1: AVERAGE BAGGAGE WEIGHT TABLE | I1: Preliminary PAYLOAD
A2: FROM | B2: TO | C2: AVERAGE | I2: PAX NO ADL+CHD | K2: 178
C3: PCS per PAX | E3: WGHT per PC | G3: HB WGHT per PAX | I3: PCS per FLT | J3: BAGGAGE WGHT | K3: HB WGHT
A4: DYU | B4: UFA | C4: =AVERAGEA(I7:I25) -> 0.81825633 | E4: =AVERAGEA(J7:J25) -> 13.473652 | G4: =AVERAGEA(K7:K25) -> 0.90094712 | I4: =C4*K2 -> 145.64963 | J4: =I4*E4 -> 1962.4324 | K4: =K2*G4 -> 160.36859
A5: DATE | B5: FLT NO | C5: AC TYPE | D5: ADULT | E5: CHD | F5: BAGGAGE | H5: CABIN BAGGAGE | I5: PCS per PAX | J5: WGHT per PC | K5: HB WGHT per PAX | N5: STATUS | O5: ADULT+CHD | P5: No of PCS | Q5: WEIGHT | R5: AVERAGE BAG WEIGHT | S5: NO BAG per PAX
F6: PCS | G6: WEIGHT
A7: 46209 | B7: 1418 | C7: B738 | D7: 178 | E7: 3 | F7: 153 | G7: 2050 | H7: 171 | I7: =F7/(D7+E7) -> 0.84530387 | J7: =G7/F7 -> 13.398693 | K7: =H7/(D7+E7) -> 0.94475138 | N7: PRE | O7: =K2 -> 178 | P7: =I4 -> 145.64963 | Q7: =J4 -> 1962.4324 | R7: =Q7/P7 -> 13.473652 | S7: =P7/O7 -> 0.81825633
A8: 46216 | B8: 1418 | C8: B738 | D8: 179 | E8: 3 | F8: 144 | G8: 1951 | H8: 156 | I8: =F8/(D8+E8) -> 0.79120879 | J8: =G8/F8 -> 13.548611 | K8: =H8/(D8+E8) -> 0.85714286 | N8: LIR DATA/FINAL | O8: =O7 -> 178 | P8: =O8*S7 -> 145.64963 | Q8: =P8*R7 -> 1962.4324
N9: LOAD PLANNING DATA
N10: ULD | Q10: BULK
N11: ULD NO | O11: NO of PCS | P11: KG per ULD | Q11: POS | R11: NO of PCS | S11: KG per POS
N12: 1 | O12: 0 | P12: =O12*R7 -> 0 | Q12: 3 | R12: 40 | S12: =R12*R7 -> 538.94608
N13: 2 | O13: 0 | P13: =O13*R7 -> 0 | Q13: 4 | R13: 130 | S13: =R7*R13 -> 1751.5748
N14: 3 | O14: 1 | P14: =R7*O14 -> 13.473652 | Q14: 5 | R14: 0 | S14: =R14*R7 -> 0
N15: 4 | O15: 0 | P15: =R7*O15 -> 0 | Q15: 1 | R15: 0 | S15: =R7*R15 -> 0
N16: 5 | O16: 0 | P16: =R7*O16 -> 0 | R16: 0 | S16: =R7*R16 -> 0
N17: 6 | O17: 0 | P17: =R7*O17 -> 0 | R17: 0 | S17: =R7*R17 -> 0
N18: 7 | O18: 0 | P18: =R7*O18 -> 0 | R18: 0 | S18: =R7*R18 -> 0
N19: 8 | O19: 30 | P19: =R7*O19 -> 404.20956 | R19: 0 | S19: =R7*R19 -> 0
N20: 9 | O20: 50 | P20: =R7*O20 -> 673.6826 | R20: 0 | S20: =R7*R20 -> 0
N21: BULK | O21: 50 | P21: =R7*O21 -> 673.6826 | S21: =R7*R21 -> 0
N22: REST | O22: =P8-O12-O13-O14-O15-O16-O17-O18-O19-O20-O21 -> 14.649627 | P22: =Q8-P12-P13-P14-P15-P16-P17-P18-P19-P20-P21 -> 197.38397 | Q22: REST | R22: =P8-R12-R13-R14-R15-R16-R17-R18-R19-R20-R21 -> -24.350373 | S22: =Q8-S12-S13-S14-S15-S16-S17-S18-S19-S20-S21 -> -328.08846
N23: TOTAL | O23: =O12+O13+O14+O15+O16+O17+O18+O19+O20+O21 -> 131 | P23: =P12+P13+P14+P15+P16+P17+P18+P19+P20+P21 -> 1765.0484 | Q23: TOTAL | R23: =R12+R13+R14+R15+R16+R17+R18+R19+R20+R21 -> 170 | S23: =S12+S13+S14+S15+S16+S17+S18+S19+S20+S21 -> 2290.5208

Sheet DYU_KZN 07_2026
A1: AVERAGE BAGGAGE WEIGHT TABLE | I1: Preliminary PAYLOAD
A2: FROM | B2: TO | C2: AVERAGE | I2: PAX NO ADL+CHD | K2: 206
C3: PCS per PAX | E3: WGHT per PC | G3: HB WGHT per PAX | I3: PCS per FLT | J3: BAGGAGE WGHT
A4: DYU | B4: KZN | C4: =AVERAGEA(I7:I40) -> 0.88842956 | E4: =AVERAGEA(J7:J40) -> 14.287764 | G4: =AVERAGEA(K7:K40) -> 1.6671286 | I4: =C4*K2 -> 183.01649 | J4: =I4*E4 -> 2614.8964 | K4: =K2*G4 -> 343.42849
A5: DATE | B5: FLT NO | C5: AC TYPE | D5: ADULT | E5: CHD | F5: BAGGAGE | H5: CABIN BAGGAGE | I5: PCS per PAX | J5: WGHT per PC | K5: HB WGHT per PAX | N5: STATUS | O5: ADULT+CHD | P5: No of PCS | Q5: WEIGHT | R5: AVERAGE BAG WEIGHT | S5: NO BAG per PAX
F6: PCS | G6: WEIGHT
A7: 46206 | B7: 1406 | C7: A322 | D7: 207 | E7: 4 | F7: 195 | G7: 2723 | H7: 586 | I7: =F7/(D7+E7) -> 0.92417062 | J7: =G7/F7 -> 13.964103 | K7: =H7/(D7+E7) -> 2.7772512 | N7: PRE | O7: =K2 -> 206 | P7: =I4 -> 183.01649 | Q7: =J4 -> 2614.8964 | R7: =Q7/P7 -> 14.287764 | S7: =P7/O7 -> 0.88842956
A8: 46210 | B8: 1406 | C8: A322 | D8: 187 | E8: 4 | F8: 169 | G8: 2429 | H8: 695 | I8: =F8/(D8+E8) -> 0.88481675 | J8: =G8/F8 -> 14.372781 | K8: =H8/(D8+E8) -> 3.6387435 | N8: LIR DATA/FINAL | O8: =O7 -> 206 | P8: =O8*S7 -> 183.01649 | Q8: =P8*R7 -> 2614.8964
A9: 46213 | B9: 1406 | C9: A322 | D9: 206 | E9: 8 | F9: 188 | G9: 2730 | H9: 9 | I9: =F9/(D9+E9) -> 0.87850467 | J9: =G9/F9 -> 14.521277 | K9: =H9/(D9+E9) -> 0.042056075 | N9: LOAD PLANNING DATA
A10: 46217 | B10: 1406 | C10: A322 | D10: 198 | E10: 5 | F10: 173 | G10: 2356 | H10: 92 | I10: =F10/(D10+E10) -> 0.85221675 | J10: =G10/F10 -> 13.618497 | K10: =H10/(D10+E10) -> 0.45320197 | N10: ULD | Q10: BULK
A11: 46220 | B11: 1406 | C11: A322 | D11: 198 | E11: 7 | F11: 185 | G11: 2768 | H11: 292 | I11: =F11/(D11+E11) -> 0.90243902 | J11: =G11/F11 -> 14.962162 | K11: =H11/(D11+E11) -> 1.4243902 | N11: ULD NO | O11: NO of PCS | P11: KG per ULD | Q11: POS | R11: NO of PCS | S11: KG per POS
N12: 1 | O12: 0 | P12: =O12*R7 -> 0 | Q12: 3 | R12: 40 | S12: =R12*R7 -> 571.51056
N13: 2 | O13: 0 | P13: =O13*R7 -> 0 | Q13: 4 | R13: 40 | S13: =R7*R13 -> 571.51056
N14: 3 | O14: 1 | P14: =R7*O14 -> 14.287764 | Q14: 5 | R14: 40 | S14: =R14*R7 -> 571.51056
N15: 4 | O15: 0 | P15: =R7*O15 -> 0 | Q15: 1 | R15: 40 | S15: =R7*R15 -> 571.51056
N16: 5 | O16: 0 | P16: =R7*O16 -> 0 | R16: 38 | S16: =R7*R16 -> 542.93503
N17: 6 | O17: 0 | P17: =R7*O17 -> 0 | R17: 0 | S17: =R7*R17 -> 0
N18: 7 | O18: 0 | P18: =R7*O18 -> 0 | R18: 0 | S18: =R7*R18 -> 0
N19: 8 | O19: 30 | P19: =R7*O19 -> 428.63292 | R19: 0 | S19: =R7*R19 -> 0
N20: 9 | O20: 50 | P20: =R7*O20 -> 714.38819 | R20: 0 | S20: =R7*R20 -> 0
N21: BULK | O21: 50 | P21: =R7*O21 -> 714.38819 | S21: =R7*R21 -> 0
N22: REST | O22: =P8-O12-O13-O14-O15-O16-O17-O18-O19-O20-O21 -> 52.01649 | P22: =Q8-P12-P13-P14-P15-P16-P17-P18-P19-P20-P21 -> 743.19933 | Q22: REST | R22: =P8-R12-R13-R14-R15-R16-R17-R18-R19-R20-R21 -> -14.98351 | S22: =Q8-S12-S13-S14-S15-S16-S17-S18-S19-S20-S21 -> -214.08085
N23: TOTAL | O23: =O12+O13+O14+O15+O16+O17+O18+O19+O20+O21 -> 131 | P23: =P12+P13+P14+P15+P16+P17+P18+P19+P20+P21 -> 1871.6971 | Q23: TOTAL | R23: =R12+R13+R14+R15+R16+R17+R18+R19+R20+R21 -> 198 | S23: =S12+S13+S14+S15+S16+S17+S18+S19+S20+S21 -> 2828.9773

Sheet DYU_KUF 03_2024
A1: AVERAGE BAGGAGE WEIGHT TABLE | I1: Preliminary PAYLOAD
A2: FROM | B2: TO | C2: AVERAGE | I2: PAX NO ADL+CHD | K2: 213
C3: PCS per PAX | E3: WGHT per PC | G3: HB WGHT per PAX | I3: PCS per FLT | J3: BAGGAGE WGHT | K3: HB WGHT
A4: DYU | B4: KUF | C4: =AVERAGEA(I7:I20) -> 0.95199339 | E4: =AVERAGEA(J7:J20) -> 14.33367 | G4: =AVERAGEA(K7:K20) -> 2.8004557 | I4: =C4*K2 -> 202.77459 | J4: =I4*E4 -> 2906.5041 | K4: =K2*G4 -> 596.49707
A5: DATE | B5: FLT NO | C5: AC TYPE | D5: ADULT | E5: CHD | F5: BAGGAGE | H5: CABIN BAGGAGE | I5: PCS per PAX | J5: WGHT per PC | K5: HB WGHT per PAX | N5: STATUS | O5: ADULT+CHD | P5: No of PCS | Q5: WEIGHT | R5: AVERAGE BAG WEIGHT | S5: NO BAG per PAX
F6: PCS | G6: WEIGHT
A7: 45358 | B7: 1422 | C7: B738 | D7: 182 | E7: 2 | F7: 174 | G7: 2365 | H7: 338 | I7: =F7/(D7+E7) -> 0.94565217 | J7: =G7/F7 -> 13.591954 | K7: =H7/(D7+E7) -> 1.8369565 | N7: PRE | O7: =K2 -> 213 | P7: =I4 -> 202.77459 | Q7: =J4 -> 2906.5041 | R7: =Q7/P7 -> 14.33367 | S7: =P7/O7 -> 0.95199339
A8: 45365 | B8: 1422 | C8: A32Q | D8: 201 | E8: 0 | F8: 184 | G8: 2750 | H8: 291 | I8: =F8/(D8+E8) -> 0.91542289 | J8: =G8/F8 -> 14.945652 | K8: =H8/(D8+E8) -> 1.4477612 | N8: LIR DATA/FINAL | O8: =O7 -> 213 | P8: =O8*S7 -> 202.77459 | Q8: =P8*R7 -> 2906.5041
A9: 45372 | B9: 1422 | C9: A32Q | D9: 187 | E9: 3 | F9: 185 | G9: 2712 | H9: 673 | I9: =F9/(D9+E9) -> 0.97368421 | J9: =G9/F9 -> 14.659459 | K9: =H9/(D9+E9) -> 3.5421053 | N9: LOAD PLANNING DATA
A10: 45379 | B10: 1422 | C10: A322 | D10: 111 | E10: 1 | F10: 109 | G10: 1541 | H10: 490 | I10: =F10/(D10+E10) -> 0.97321429 | J10: =G10/F10 -> 14.137615 | K10: =H10/(D10+E10) -> 4.375 | N10: ULD | Q10: BULK
N11: ULD NO | O11: NO of PCS | P11: KG per ULD | Q11: POS | R11: NO of PCS | S11: KG per POS
N12: 1 | O12: 0 | P12: =O12*R7 -> 0 | Q12: 3 | R12: 35 | S12: =R12*R7 -> 501.67845
N13: 2 | O13: 0 | P13: =O13*R7 -> 0 | Q13: 4 | R13: 35 | S13: =R7*R13 -> 501.67845
N14: 3 | O14: 1 | P14: =R7*O14 -> 14.33367 | Q14: 5 | R14: 35 | S14: =R14*R7 -> 501.67845
N15: 4 | O15: 0 | P15: =R7*O15 -> 0 | Q15: 1 | R15: 0 | S15: =R7*R15 -> 0
N16: 5 | O16: 0 | P16: =R7*O16 -> 0 | R16: 10 | S16: =R7*R16 -> 143.3367
N17: 6 | O17: 0 | P17: =R7*O17 -> 0 | R17: 10 | S17: =R7*R17 -> 143.3367
N18: 7 | O18: 0 | P18: =R7*O18 -> 0 | R18: 30 | S18: =R7*R18 -> 430.0101
N19: 8 | O19: 30 | P19: =R7*O19 -> 430.0101 | R19: 30 | S19: =R7*R19 -> 430.0101
N20: 9 | O20: 50 | P20: =R7*O20 -> 716.6835 | R20: 20 | S20: =R7*R20 -> 286.6734
N21: BULK | O21: 50 | P21: =R7*O21 -> 716.6835 | R21: 0 | S21: =R7*R21 -> 0
N22: REST | O22: =P8-O12-O13-O14-O15-O16-O17-O18-O19-O20-O21 -> 71.774592 | P22: =Q8-P12-P13-P14-P15-P16-P17-P18-P19-P20-P21 -> 1028.7933 | Q22: REST | R22: =P8-R12-R13-R14-R15-R16-R17-R18-R19-R20-R21 -> -2.2254082 | S22: =Q8-S12-S13-S14-S15-S16-S17-S18-S19-S20-S21 -> -31.898266
N23: TOTAL | O23: =O12+O13+O14+O15+O16+O17+O18+O19+O20+O21 -> 131 | P23: =P12+P13+P14+P15+P16+P17+P18+P19+P20+P21 -> 1877.7108 | Q23: TOTAL | R23: =R12+R13+R14+R15+R16+R17+R18+R19+R20+R21 -> 205 | S23: =S12+S13+S14+S15+S16+S17+S18+S19+S20+S21 -> 2938.4024

Sheet DYU_REN 05_2024
A1: AVERAGE BAGGAGE WEIGHT TABLE | I1: Preliminary PAYLOAD
A2: FROM | B2: TO | C2: AVERAGE | I2: PAX NO ADL+CHD | K2: 176
C3: PCS per PAX | E3: WGHT per PC | G3: HB WGHT per PAX | I3: PCS per FLT | J3: BAGGAGE WGHT
A4: DYU | B4: REN | C4: =AVERAGEA(I7:I31) -> 0.90351932 | E4: =AVERAGEA(J7:J31) -> 12.635138 | G4: =AVERAGEA(K7:K31) -> 2.1917989 | I4: =C4*K2 -> 159.0194 | J4: =I4*E4 -> 2009.2321 | K4: =K2*G4 -> 385.75661
A5: DATE | B5: FLT NO | C5: AC TYPE | D5: ADULT | E5: CHD | F5: BAGGAGE | H5: CABIN BAGGAGE | I5: PCS per PAX | J5: WGHT per PC | K5: HB WGHT per PAX | N5: STATUS | O5: ADULT+CHD | P5: No of PCS | Q5: WEIGHT | R5: AVERAGE BAG WEIGHT | S5: NO BAG per PAX
F6: PCS | G6: WEIGHT
A7: 45422 | B7: 1430 | C7: A32Q | D7: 184 | E7: 5 | F7: 172 | G7: 1983 | H7: 527 | I7: =F7/(D7+E7) -> 0.91005291 | J7: =G7/F7 -> 11.52907 | K7: =H7/(D7+E7) -> 2.7883598 | N7: PRE | O7: =K2 -> 176 | P7: =I4 -> 159.0194 | Q7: =J4 -> 2009.2321 | R7: =Q7/P7 -> 12.635138 | S7: =P7/O7 -> 0.90351932
A8: 45429 | B8: 1430 | C8: A32Q | D8: 187 | E8: 11 | F8: 186 | G8: 2442 | H8: 418 | I8: =F8/(D8+E8) -> 0.93939394 | J8: =G8/F8 -> 13.129032 | K8: =H8/(D8+E8) -> 2.1111111 | N8: LIR DATA/FINAL | O8: =O7 -> 176 | P8: =O8*S7 -> 159.0194 | Q8: =P8*R7 -> 2009.2321
A9: 45436 | B9: 1430 | C9: A32Q | D9: 198 | E9: 18 | F9: 186 | G9: 2464 | H9: 362 | I9: =F9/(D9+E9) -> 0.86111111 | J9: =G9/F9 -> 13.247312 | K9: =H9/(D9+E9) -> 1.6759259 | N9: LOAD PLANNING DATA
N10: ULD | Q10: BULK
N11: ULD NO | O11: NO of PCS | P11: KG per ULD | Q11: POS | R11: NO of PCS | S11: KG per POS
N12: 1 | O12: 0 | P12: =O12*R7 -> 0 | Q12: 3 | R12: 40 | S12: =R12*R7 -> 505.40552
N13: 2 | O13: 0 | P13: =O13*R7 -> 0 | Q13: 4 | R13: 121 | S13: =R7*R13 -> 1528.8517
N14: 3 | O14: 1 | P14: =R7*O14 -> 12.635138 | Q14: 5 | R14: 0 | S14: =R14*R7 -> 0
N15: 4 | O15: 0 | P15: =R7*O15 -> 0 | Q15: 1 | R15: 0 | S15: =R7*R15 -> 0
N16: 5 | O16: 0 | P16: =R7*O16 -> 0 | R16: 0 | S16: =R7*R16 -> 0
N17: 6 | O17: 0 | P17: =R7*O17 -> 0 | R17: 0 | S17: =R7*R17 -> 0
N18: 7 | O18: 0 | P18: =R7*O18 -> 0 | R18: 0 | S18: =R7*R18 -> 0
N19: 8 | O19: 30 | P19: =R7*O19 -> 379.05414 | R19: 0 | S19: =R7*R19 -> 0
N20: 9 | O20: 50 | P20: =R7*O20 -> 631.7569 | R20: 0 | S20: =R7*R20 -> 0
N21: BULK | O21: 50 | P21: =R7*O21 -> 631.7569 | S21: =R7*R21 -> 0
N22: REST | O22: =P8-O12-O13-O14-O15-O16-O17-O18-O19-O20-O21 -> 28.0194 | P22: =Q8-P12-P13-P14-P15-P16-P17-P18-P19-P20-P21 -> 354.02899 | Q22: REST | R22: =P8-R12-R13-R14-R15-R16-R17-R18-R19-R20-R21 -> -1.9805996 | S22: =Q8-S12-S13-S14-S15-S16-S17-S18-S19-S20-S21 -> -25.02515
N23: TOTAL | O23: =O12+O13+O14+O15+O16+O17+O18+O19+O20+O21 -> 131 | P23: =P12+P13+P14+P15+P16+P17+P18+P19+P20+P21 -> 1655.2031 | Q23: TOTAL | R23: =R12+R13+R14+R15+R16+R17+R18+R19+R20+R21 -> 161 | S23: =S12+S13+S14+S15+S16+S17+S18+S19+S20+S21 -> 2034.2572

Sheet DYU_TJM 07_2026
A1: AVERAGE BAGGAGE WEIGHT TABLE | I1: Preliminary PAYLOAD
A2: FROM | B2: TO | C2: AVERAGE | I2: PAX NO ADL+CHD | K2: 206
C3: PCS per PAX | E3: WGHT per PC | G3: HB WGHT per PAX | I3: PCS per FLT | J3: BAGGAGE WGHT
A4: DYU | B4: TJM | C4: =AVERAGEA(I7:I40) -> 0.79911642 | E4: =AVERAGEA(J7:J40) -> 14.158425 | G4: =AVERAGEA(K7:K40) -> 1.4829349 | I4: =C4*K2 -> 164.61798 | J4: =I4*E4 -> 2330.7314 | K4: =K2*G4 -> 305.48458
A5: DATE | B5: FLT NO | C5: AC TYPE | D5: ADULT | E5: CHD | F5: BAGGAGE | H5: CABIN BAGGAGE | I5: PCS per PAX | J5: WGHT per PC | K5: HB WGHT per PAX | N5: STATUS | O5: ADULT+CHD | P5: No of PCS | Q5: WEIGHT | R5: AVERAGE BAG WEIGHT | S5: NO BAG per PAX
F6: PCS | G6: WEIGHT
A7: 46207 | B7: 1446 | C7: B738 | D7: 138 | E7: 10 | F7: 117 | G7: 1624 | H7: 68 | I7: =F7/(D7+E7) -> 0.79054054 | J7: =G7/F7 -> 13.880342 | K7: =H7/(D7+E7) -> 0.45945946 | N7: PRE | O7: =K2 -> 206 | P7: =I4 -> 164.61798 | Q7: =J4 -> 2330.7314 | R7: =Q7/P7 -> 14.158425 | S7: =P7/O7 -> 0.79911642
A8: 46214 | B8: 1446 | C8: B738 | D8: 135 | E8: 21 | F8: 126 | G8: 1819 | H8: 391 | I8: =F8/(D8+E8) -> 0.80769231 | J8: =G8/F8 -> 14.436508 | K8: =H8/(D8+E8) -> 2.5064103 | N8: LIR DATA/FINAL | O8: =O7 -> 206 | P8: =O8*S7 -> 164.61798 | Q8: =P8*R7 -> 2330.7314
N9: LOAD PLANNING DATA
N10: ULD | Q10: BULK
N11: ULD NO | O11: NO of PCS | P11: KG per ULD | Q11: POS | R11: NO of PCS | S11: KG per POS
N12: 1 | O12: 0 | P12: =O12*R7 -> 0 | Q12: 3 | R12: 40 | S12: =R12*R7 -> 566.337
N13: 2 | O13: 0 | P13: =O13*R7 -> 0 | Q13: 4 | R13: 40 | S13: =R7*R13 -> 566.337
N14: 3 | O14: 1 | P14: =R7*O14 -> 14.158425 | Q14: 5 | R14: 40 | S14: =R14*R7 -> 566.337
N15: 4 | O15: 0 | P15: =R7*O15 -> 0 | Q15: 1 | R15: 40 | S15: =R7*R15 -> 566.337
N16: 5 | O16: 0 | P16: =R7*O16 -> 0 | R16: 38 | S16: =R7*R16 -> 538.02015
N17: 6 | O17: 0 | P17: =R7*O17 -> 0 | R17: 0 | S17: =R7*R17 -> 0
N18: 7 | O18: 0 | P18: =R7*O18 -> 0 | R18: 0 | S18: =R7*R18 -> 0
N19: 8 | O19: 30 | P19: =R7*O19 -> 424.75275 | R19: 0 | S19: =R7*R19 -> 0
N20: 9 | O20: 50 | P20: =R7*O20 -> 707.92125 | R20: 0 | S20: =R7*R20 -> 0
N21: BULK | O21: 50 | P21: =R7*O21 -> 707.92125 | S21: =R7*R21 -> 0
N22: REST | O22: =P8-O12-O13-O14-O15-O16-O17-O18-O19-O20-O21 -> 33.617983 | P22: =Q8-P12-P13-P14-P15-P16-P17-P18-P19-P20-P21 -> 475.97769 | Q22: REST | R22: =P8-R12-R13-R14-R15-R16-R17-R18-R19-R20-R21 -> -33.382017 | S22: =Q8-S12-S13-S14-S15-S16-S17-S18-S19-S20-S21 -> -472.63678
N23: TOTAL | O23: =O12+O13+O14+O15+O16+O17+O18+O19+O20+O21 -> 131 | P23: =P12+P13+P14+P15+P16+P17+P18+P19+P20+P21 -> 1854.7537 | Q23: TOTAL | R23: =R12+R13+R14+R15+R16+R17+R18+R19+R20+R21 -> 198 | S23: =S12+S13+S14+S15+S16+S17+S18+S19+S20+S21 -> 2803.3681

Sheet CCC_SVO 02_2026
A1: AVERAGE BAGGAGE WEIGHT TABLE | I1: Preliminary PAYLOAD
A2: FROM | B2: TO | C2: AVERAGE | I2: PAX NO ADL+CHD | K2: 436
C3: PCS per PAX | E3: WGHT per PC | G3: HB WGHT per PAX | I3: PCS per FLT | J3: BAGGAGE WGHT | K3: HB WGHT
A4: CCC | B4: SVO | C4: =AVERAGEA(I7:I40) -> 0.79327122 | E4: =AVERAGEA(J7:J40) -> 13.173699 | G4: =AVERAGEA(K7:K40) -> 0 | I4: =C4*K2 -> 345.86625 | J4: =I4*E4 -> 4556.338 | K4: =K2*G4 -> 0
A5: DATE | B5: FLT NO | C5: AC TYPE | D5: ADULT | E5: CHD | F5: BAGGAGE | H5: CABIN BAGGAGE | I5: PCS per PAX | J5: WGHT per PC | K5: HB WGHT per PAX | N5: STATUS | O5: ADULT+CHD | P5: No of PCS | Q5: WEIGHT | R5: AVERAGE BAG WEIGHT | S5: NO BAG per PAX
F6: PCS | G6: WEIGHT
A7: 46060 | B7: 552 | C7: B77W | D7: 441 | E7: 33 | F7: 369 | G7: 4813 | H7: 0 | I7: =F7/(D7+E7) -> 0.77848101 | J7: =G7/F7 -> 13.04336 | K7: =H7/(D7+E7) -> 0 | N7: PRE | O7: =K2 -> 436 | P7: =I4 -> 345.86625 | Q7: =J4 -> 4556.338 | R7: =Q7/P7 -> 13.173699 | S7: =P7/O7 -> 0.79327122
A8: 46070 | B8: 552 | C8: B77W | D8: 487 | E8: 34 | F8: 421 | G8: 5601 | H8: 0 | I8: =F8/(D8+E8) -> 0.80806142 | J8: =G8/F8 -> 13.304038 | K8: =H8/(D8+E8) -> 0 | N8: LIR DATA/FINAL | O8: =O7 -> 436 | P8: =O8*S7 -> 345.86625 | Q8: =P8*R7 -> 4556.338
N9: LOAD PLANNING DATA
N10: ULD | Q10: BULK
N11: ULD NO | O11: NO of PCS | P11: KG per ULD | Q11: POS | R11: NO of PCS | S11: KG per POS
N12: 1 | O12: 40 | P12: =O12*R7 -> 526.94797 | Q12: 3 | R12: 35 | S12: =R12*R7 -> 461.07947
N13: 2 | O13: 40 | P13: =O13*R7 -> 526.94797 | Q13: 4 | R13: 18 | S13: =R7*R13 -> 237.12659
N14: 3 | O14: 40 | P14: =R7*O14 -> 526.94797 | Q14: 5 | R14: 0 | S14: =R14*R7 -> 0
N15: 4 | O15: 40 | P15: =R7*O15 -> 526.94797 | Q15: 1 | R15: 0 | S15: =R7*R15 -> 0
N16: 5 | O16: 40 | P16: =R7*O16 -> 526.94797 | R16: 0 | S16: =R7*R16 -> 0
N17: 6 | O17: 40 | P17: =R7*O17 -> 526.94797 | R17: 0 | S17: =R7*R17 -> 0
N18: 7 | O18: 40 | P18: =R7*O18 -> 526.94797 | R18: 0 | S18: =R7*R18 -> 0
N19: 8 | O19: 40 | P19: =R7*O19 -> 526.94797 | R19: 0 | S19: =R7*R19 -> 0
N20: 9 | O20: 0 | P20: =R7*O20 -> 0 | R20: 0 | S20: =R7*R20 -> 0
N21: BULK | O21: 0 | P21: =R7*O21 -> 0 | S21: =R7*R21 -> 0
N22: REST | O22: =P8-O12-O13-O14-O15-O16-O17-O18-O19-O20-O21 -> 25.86625 | P22: =Q8-P12-P13-P14-P15-P16-P17-P18-P19-P20-P21 -> 340.7542 | Q22: REST | R22: =P8-R12-R13-R14-R15-R16-R17-R18-R19-R20-R21 -> 292.86625 | S22: =Q8-S12-S13-S14-S15-S16-S17-S18-S19-S20-S21 -> 3858.1319
N23: TOTAL | O23: =O12+O13+O14+O15+O16+O17+O18+O19+O20+O21 -> 320 | P23: =P12+P13+P14+P15+P16+P17+P18+P19+P20+P21 -> 4215.5838 | Q23: TOTAL | R23: =R12+R13+R14+R15+R16+R17+R18+R19+R20+R21 -> 53 | S23: =S12+S13+S14+S15+S16+S17+S18+S19+S20+S21 -> 698.20606

Sheet GOX_SVO 03_26
A1: AVERAGE BAGGAGE WEIGHT TABLE | I1: Preliminary PAYLOAD
A2: FROM | B2: TO | C2: AVERAGE | I2: PAX NO ADL+CHD | K2: 200
C3: PCS per PAX | E3: WGHT per PC | G3: HB WGHT per PAX | I3: PCS per FLT | J3: BAGGAGE WGHT | K3: HB WGHT
A4: GOX | B4: SVO | C4: =AVERAGEA(I7:I44) -> 0.85904255 | E4: =AVERAGEA(J7:J44) -> 13.28483 | G4: =AVERAGEA(K7:K44) -> 3 | I4: =C4*K2 -> 171.80851 | J4: =I4*E4 -> 2282.4468 | K4: =K2*G4 -> 600
A5: DATE | B5: FLT NO | C5: AC TYPE | D5: ADULT | E5: CHD | F5: BAGGAGE | H5: CABIN BAGGAGE | I5: PCS per PAX | J5: WGHT per PC | K5: HB WGHT per PAX
F6: PCS | G6: WEIGHT
A7: 46088 | B7: 3810 | C7: A333 | D7: 352 | E7: 24 | F7: 323 | G7: 4291 | H7: 1128 | I7: =F7/(D7+E7) -> 0.85904255 | J7: =G7/F7 -> 13.28483 | K7: =H7/(D7+E7) -> 3

Sheet GOX_SVX 03_26
A1: AVERAGE BAGGAGE WEIGHT TABLE | I1: Preliminary PAYLOAD
A2: FROM | B2: TO | C2: AVERAGE | I2: PAX NO ADL+CHD | K2: 200
C3: PCS per PAX | E3: WGHT per PC | G3: HB WGHT per PAX | I3: PCS per FLT | J3: BAGGAGE WGHT | K3: HB WGHT
A4: GOX | B4: SVX | C4: =AVERAGEA(I7:I44) -> 0.8423606 | E4: =AVERAGEA(J7:J44) -> 14.309261 | G4: =AVERAGEA(K7:K44) -> 3 | I4: =C4*K2 -> 168.47212 | J4: =I4*E4 -> 2410.7115 | K4: =K2*G4 -> 600
A5: DATE | B5: FLT NO | C5: AC TYPE | D5: ADULT | E5: CHD | F5: BAGGAGE | H5: CABIN BAGGAGE | I5: PCS per PAX | J5: WGHT per PC | K5: HB WGHT per PAX
F6: PCS | G6: WEIGHT
A7: 46087 | B7: 3818 | C7: A333 | D7: 360 | E7: 19 | F7: 306 | G7: 4397 | H7: 1137 | I7: =F7/(D7+E7) -> 0.80738786 | J7: =G7/F7 -> 14.369281 | K7: =H7/(D7+E7) -> 3
A8: 46098 | B8: 3818 | C8: A333 | D8: 368 | E8: 7 | F8: 329 | G8: 4688 | H8: 1125 | I8: =F8/(D8+E8) -> 0.87733333 | J8: =G8/F8 -> 14.24924 | K8: =H8/(D8+E8) -> 3

Sheet VRA_SVO 02_2026
A1: AVERAGE BAGGAGE WEIGHT TABLE | I1: Preliminary PAYLOAD
A2: FROM | B2: TO | C2: AVERAGE | I2: PAX NO ADL+CHD | K2: 335
C3: PCS per PAX | E3: WGHT per PC | G3: HB WGHT per PAX | I3: PCS per FLT | J3: BAGGAGE WGHT | K3: HB WGHT
A4: VRA | B4: SVO | C4: =AVERAGEA(I7:I40) -> 0.84075607 | E4: =AVERAGEA(J7:J40) -> 12.365901 | G4: =AVERAGEA(K7:K40) -> 0 | I4: =C4*K2 -> 281.65328 | J4: =I4*E4 -> 3482.8966 | K4: =K2*G4 -> 0
A5: DATE | B5: FLT NO | C5: AC TYPE | D5: ADULT | E5: CHD | F5: BAGGAGE | H5: CABIN BAGGAGE | I5: PCS per PAX | J5: WGHT per PC | K5: HB WGHT per PAX | N5: STATUS | O5: ADULT+CHD | P5: No of PCS | Q5: WEIGHT | R5: AVERAGE BAG WEIGHT | S5: NO BAG per PAX
F6: PCS | G6: WEIGHT
A7: 46055 | B7: 556 | C7: B77W | D7: 467 | E7: 15 | F7: 391 | G7: 4906 | H7: 0 | I7: =F7/(D7+E7) -> 0.81120332 | J7: =G7/F7 -> 12.547315 | K7: 0 | N7: PRE | O7: =K2 -> 335 | P7: =I4 -> 281.65328 | Q7: =J4 -> 3482.8966 | R7: =Q7/P7 -> 12.365901 | S7: =P7/O7 -> 0.84075607
A8: 46057 | B8: 556 | C8: B77W | D8: 454 | E8: 18 | F8: 373 | G8: 4808 | H8: 0 | I8: =F8/(D8+E8) -> 0.79025424 | J8: =G8/F8 -> 12.89008 | K8: 0 | N8: LIR DATA/FINAL | O8: =O7 -> 335 | P8: =O8*S7 -> 281.65328 | Q8: =P8*R7 -> 3482.8966
A9: 46061 | B9: 556 | C9: B77W | D9: 460 | E9: 26 | F9: 386 | G9: 4658 | H9: 0 | I9: =F9/(D9+E9) -> 0.79423868 | J9: =G9/F9 -> 12.067358 | K9: 0 | N9: LOAD PLANNING DATA
A10: 46066 | B10: 556 | C10: B77W | D10: 432 | E10: 27 | F10: 441 | G10: 5379 | H10: 0 | I10: =F10/(D10+E10) -> 0.96078431 | J10: =G10/F10 -> 12.197279 | K10: 0 | N10: ULD | Q10: BULK
A11: 46067 | B11: 556 | C11: B77W | D11: 508 | E11: 29 | F11: 455 | G11: 5518 | H11: 0 | I11: =F11/(D11+E11) -> 0.84729981 | J11: =G11/F11 -> 12.127473 | K11: 0 | N11: ULD NO | O11: NO of PCS | P11: KG per ULD | Q11: POS | R11: NO of PCS | S11: KG per POS
N12: 1 | O12: 52 | P12: =O12*R7 -> 643.02684 | Q12: 3 | R12: 35 | S12: =R12*R7 -> 432.80653
N13: 2 | O13: 50 | P13: =O13*R7 -> 618.29504 | Q13: 4 | R13: 18 | S13: =R7*R13 -> 222.58621
N14: 3 | O14: 50 | P14: =R7*O14 -> 618.29504 | Q14: 5 | R14: 0 | S14: =R14*R7 -> 0
N15: 4 | O15: 50 | P15: =R7*O15 -> 618.29504 | Q15: 1 | R15: 0 | S15: =R7*R15 -> 0
N16: 5 | O16: 50 | P16: =R7*O16 -> 618.29504 | R16: 0 | S16: =R7*R16 -> 0
N17: 6 | O17: 50 | P17: =R7*O17 -> 618.29504 | R17: 0 | S17: =R7*R17 -> 0
N18: 7 | O18: 50 | P18: =R7*O18 -> 618.29504 | R18: 0 | S18: =R7*R18 -> 0
N19: 8 | O19: 53 | P19: =R7*O19 -> 655.39274 | R19: 0 | S19: =R7*R19 -> 0
N20: 9 | O20: 0 | P20: =R7*O20 -> 0 | R20: 0 | S20: =R7*R20 -> 0
N21: BULK | O21: 0 | P21: =R7*O21 -> 0 | S21: =R7*R21 -> 0
N22: REST | O22: =P8-O12-O13-O14-O15-O16-O17-O18-O19-O20-O21 -> -123.34672 | P22: =Q8-P12-P13-P14-P15-P16-P17-P18-P19-P20-P21 -> -1525.2932 | Q22: REST | R22: =P8-R12-R13-R14-R15-R16-R17-R18-R19-R20-R21 -> 228.65328 | S22: =Q8-S12-S13-S14-S15-S16-S17-S18-S19-S20-S21 -> 2827.5038
N23: TOTAL | O23: =O12+O13+O14+O15+O16+O17+O18+O19+O20+O21 -> 405 | P23: =P12+P13+P14+P15+P16+P17+P18+P19+P20+P21 -> 5008.1898 | Q23: TOTAL | R23: =R12+R13+R14+R15+R16+R17+R18+R19+R20+R21 -> 53 | S23: =S12+S13+S14+S15+S16+S17+S18+S19+S20+S21 -> 655.39274

Sheet VRA_SVO 6102 12_2025
A1: AVERAGE BAGGAGE WEIGHT TABLE | I1: Preliminary PAYLOAD
A2: FROM | B2: TO | C2: AVERAGE | I2: PAX NO ADL+CHD | K2: 200
C3: PCS per PAX | E3: WGHT per PC | G3: HB WGHT per PAX | I3: PCS per FLT | J3: BAGGAGE WGHT | K3: HB WGHT
A4: VRA | B4: SVO | C4: =AVERAGEA(I7:I44) -> 0.94933333 | E4: =AVERAGEA(J7:J44) -> 17.865169 | G4: =AVERAGEA(K7:K44) -> 0 | I4: =C4*K2 -> 189.86667 | J4: =I4*E4 -> 3392 | K4: =K2*G4 -> 0
A5: DATE | B5: FLT NO | C5: AC TYPE | D5: ADULT | E5: CHD | F5: BAGGAGE | H5: CABIN BAGGAGE | I5: PCS per PAX | J5: WGHT per PC | K5: HB WGHT per PAX
F6: PCS | G6: WEIGHT
A7: 46001 | B7: 6102 | C7: B77W | D7: 357 | E7: 18 | F7: 356 | G7: 6360 | H7: 0 | I7: =F7/(D7+E7) -> 0.94933333 | J7: =G7/F7 -> 17.865169 | K7: =H7/(D7+E7) -> 0

Sheet PMV_SVO 12_2025
A1: AVERAGE BAGGAGE WEIGHT TABLE | I1: Preliminary PAYLOAD
A2: FROM | B2: TO | C2: AVERAGE | I2: PAX NO ADL+CHD | K2: 436
C3: PCS per PAX | E3: WGHT per PC | G3: HB WGHT per PAX | I3: PCS per FLT | J3: BAGGAGE WGHT | K3: HB WGHT
A4: PMV | B4: SVO | C4: =AVERAGEA(I7:I42) -> 0.81105991 | E4: =AVERAGEA(J7:J42) -> 12.8125 | G4: =AVERAGEA(K7:K42) -> 0 | I4: =C4*K2 -> 353.62212 | J4: =I4*E4 -> 4530.7834 | K4: 440
A5: DATE | B5: FLT NO | C5: AC TYPE | D5: ADULT | E5: CHD | F5: BAGGAGE | H5: CABIN BAGGAGE | I5: PCS per PAX | J5: WGHT per PC | K5: HB WGHT per PAX | N5: STATUS | O5: ADULT+CHD | P5: No of PCS | Q5: WEIGHT | R5: AVERAGE BAG WEIGHT | S5: NO BAG per PAX
F6: PCS | G6: WEIGHT
A7: 45993 | B7: 3512 | C7: B772 | D7: 425 | E7: 9 | F7: 352 | G7: 4510 | H7: 0 | I7: =F7/(D7+E7) -> 0.81105991 | J7: =G7/F7 -> 12.8125 | K7: =H7/(D7+E7) -> 0 | N7: PRE | O7: =K2 -> 436 | P7: =I4 -> 353.62212 | Q7: =J4 -> 4530.7834 | R7: =Q7/P7 -> 12.8125 | S7: =P7/O7 -> 0.81105991
N8: LIR DATA/FINAL | O8: =O7 -> 436 | P8: =O8*S7 -> 353.62212 | Q8: =P8*R7 -> 4530.7834
N9: LOAD PLANNING DATA
N10: ULD | Q10: BULK
N11: ULD NO | O11: NO of PCS | P11: KG per ULD | Q11: POS | R11: NO of PCS | S11: KG per POS
N12: 1 | O12: 44 | P12: =O12*R7 -> 563.75 | Q12: 3 | R12: 35 | S12: =R12*R7 -> 448.4375
N13: 2 | O13: 44 | P13: =O13*R7 -> 563.75 | Q13: 4 | R13: 18 | S13: =R7*R13 -> 230.625
N14: 3 | O14: 44 | P14: =R7*O14 -> 563.75 | Q14: 5 | R14: 0 | S14: =R14*R7 -> 0
N15: 4 | O15: 44 | P15: =R7*O15 -> 563.75 | Q15: 1 | R15: 0 | S15: =R7*R15 -> 0
N16: 5 | O16: 44 | P16: =R7*O16 -> 563.75 | R16: 0 | S16: =R7*R16 -> 0
N17: 6 | O17: 44 | P17: =R7*O17 -> 563.75 | R17: 0 | S17: =R7*R17 -> 0
N18: 7 | O18: 43 | P18: =R7*O18 -> 550.9375 | R18: 0 | S18: =R7*R18 -> 0
N19: 8 | O19: 40 | P19: =R7*O19 -> 512.5 | R19: 0 | S19: =R7*R19 -> 0
N20: 9 | O20: 0 | P20: =R7*O20 -> 0 | R20: 0 | S20: =R7*R20 -> 0
N21: BULK | O21: 0 | P21: =R7*O21 -> 0 | S21: =R7*R21 -> 0
N22: REST | O22: =P8-O12-O13-O14-O15-O16-O17-O18-O19-O20-O21 -> 6.6221198 | P22: =Q8-P12-P13-P14-P15-P16-P17-P18-P19-P20-P21 -> 84.84591 | Q22: REST | R22: =P8-R12-R13-R14-R15-R16-R17-R18-R19-R20-R21 -> 300.62212 | S22: =Q8-S12-S13-S14-S15-S16-S17-S18-S19-S20-S21 -> 3851.7209
N23: TOTAL | O23: =O12+O13+O14+O15+O16+O17+O18+O19+O20+O21 -> 347 | P23: =P12+P13+P14+P15+P16+P17+P18+P19+P20+P21 -> 4445.9375 | Q23: TOTAL | R23: =R12+R13+R14+R15+R16+R17+R18+R19+R20+R21 -> 53 | S23: =S12+S13+S14+S15+S16+S17+S18+S19+S20+S21 -> 679.0625

Sheet UTP_KJA 04_2026
A1: AVERAGE BAGGAGE WEIGHT TABLE | I1: Preliminary PAYLOAD
A2: FROM | B2: TO | C2: AVERAGE | I2: PAX NO ADL+CHD | K2: 434
C3: PCS per PAX | E3: WGHT per PC | G3: HB WGHT per PAX | I3: PCS per FLT | J3: BAGGAGE WGHT | K3: HB WGHT
A4: UTP | B4: KJA | C4: =AVERAGEA(I7:I50) -> 0.80481283 | E4: =AVERAGEA(J7:J50) -> 13.534884 | G4: =AVERAGEA(K7:K50) -> 0 | I4: =C4*K2 -> 349.28877 | J4: =I4*E4 -> 4727.5829 | K4: =K2*G4 -> 0
A5: DATE | B5: FLT NO | C5: AC TYPE | D5: ADULT | E5: CHD | F5: BAGGAGE | H5: CABIN BAGGAGE | I5: PCS per PAX | J5: WGHT per PC | K5: HB WGHT per PAX | N5: STATUS | O5: ADULT+CHD | P5: No of PCS | Q5: WEIGHT | R5: AVERAGE BAG WEIGHT | S5: NO BAG per PAX
F6: PCS | G6: WEIGHT
A7: 46119 | B7: 3642 | C7: A333 | D7: 299 | E7: 75 | F7: 301 | G7: 4074 | H7: 0 | I7: =F7/(D7+E7) -> 0.80481283 | J7: =G7/F7 -> 13.534884 | K7: =H7/(D7+E7) -> 0 | N7: PRE | O7: =K2 -> 434 | P7: =I4 -> 349.28877 | Q7: =J4 -> 4727.5829 | R7: =Q7/P7 -> 13.534884 | S7: =P7/O7 -> 0.80481283
N8: LIR DATA/FINAL | O8: =O7 -> 434 | P8: =O8*S7 -> 349.28877 | Q8: =P8*R7 -> 4727.5829
N9: LOAD PLANNING DATA
N10: ULD | Q10: BULK
N11: ULD NO | O11: NO of PCS | P11: KG per ULD | Q11: POS | R11: NO of PCS | S11: KG per POS
N12: 1 | O12: 44 | P12: =O12*R7 -> 595.53488 | Q12: 3 | R12: 35 | S12: =R12*R7 -> 473.72093
N13: 2 | O13: 44 | P13: =O13*R7 -> 595.53488 | Q13: 4 | R13: 18 | S13: =R7*R13 -> 243.62791
N14: 3 | O14: 44 | P14: =R7*O14 -> 595.53488 | Q14: 5 | R14: 0 | S14: =R14*R7 -> 0
N15: 4 | O15: 44 | P15: =R7*O15 -> 595.53488 | Q15: 1 | R15: 0 | S15: =R7*R15 -> 0
N16: 5 | O16: 44 | P16: =R7*O16 -> 595.53488 | R16: 0 | S16: =R7*R16 -> 0
N17: 6 | O17: 44 | P17: =R7*O17 -> 595.53488 | R17: 0 | S17: =R7*R17 -> 0
N18: 7 | O18: 43 | P18: =R7*O18 -> 582 | R18: 0 | S18: =R7*R18 -> 0
N19: 8 | O19: 40 | P19: =R7*O19 -> 541.39535 | R19: 0 | S19: =R7*R19 -> 0
N20: 9 | O20: 0 | P20: =R7*O20 -> 0 | R20: 0 | S20: =R7*R20 -> 0
N21: BULK | O21: 0 | P21: =R7*O21 -> 0 | S21: =R7*R21 -> 0
N22: REST | O22: =P8-O12-O13-O14-O15-O16-O17-O18-O19-O20-O21 -> 2.2887701 | P22: =Q8-P12-P13-P14-P15-P16-P17-P18-P19-P20-P21 -> 30.978237 | Q22: REST | R22: =P8-R12-R13-R14-R15-R16-R17-R18-R19-R20-R21 -> 296.28877 | S22: =Q8-S12-S13-S14-S15-S16-S17-S18-S19-S20-S21 -> 4010.2341
N23: TOTAL | O23: =O12+O13+O14+O15+O16+O17+O18+O19+O20+O21 -> 347 | P23: =P12+P13+P14+P15+P16+P17+P18+P19+P20+P21 -> 4696.6047 | Q23: TOTAL | R23: =R12+R13+R14+R15+R16+R17+R18+R19+R20+R21 -> 53 | S23: =S12+S13+S14+S15+S16+S17+S18+S19+S20+S21 -> 717.34884

Sheet UTP_OVB 04_2026
A1: AVERAGE BAGGAGE WEIGHT TABLE | I1: Preliminary PAYLOAD
A2: FROM | B2: TO | C2: AVERAGE | I2: PAX NO ADL+CHD | K2: 434
C3: PCS per PAX | E3: WGHT per PC | G3: HB WGHT per PAX | I3: PCS per FLT | J3: BAGGAGE WGHT | K3: HB WGHT
A4: UTP | B4: OVB | C4: =AVERAGEA(I7:I50) -> 0.86286899 | E4: =AVERAGEA(J7:J50) -> 13.684457 | G4: =AVERAGEA(K7:K50) -> 0 | I4: =C4*K2 -> 374.48514 | J4: =I4*E4 -> 5124.6257 | K4: =K2*G4 -> 0
A5: DATE | B5: FLT NO | C5: AC TYPE | D5: ADULT | E5: CHD | F5: BAGGAGE | H5: CABIN BAGGAGE | I5: PCS per PAX | J5: WGHT per PC | K5: HB WGHT per PAX | N5: STATUS | O5: ADULT+CHD | P5: No of PCS | Q5: WEIGHT | R5: AVERAGE BAG WEIGHT | S5: NO BAG per PAX
F6: PCS | G6: WEIGHT
A7: 46114 | B7: 3640 | C7: A333 | D7: 325 | E7: 52 | F7: 311 | G7: 4341 | H7: 0 | I7: =F7/(D7+E7) -> 0.82493369 | J7: =G7/F7 -> 13.958199 | K7: =H7/(D7+E7) -> 0 | N7: PRE | O7: =K2 -> 434 | P7: =I4 -> 374.48514 | Q7: =J4 -> 5124.6257 | R7: =Q7/P7 -> 13.684457 | S7: =P7/O7 -> 0.86286899
A8: 46126 | B8: 3640 | C8: A333 | D8: 343 | E8: 30 | F8: 336 | G8: 4506 | H8: 0 | I8: =F8/(D8+E8) -> 0.90080429 | J8: =G8/F8 -> 13.410714 | K8: =H8/(D8+E8) -> 0 | N8: LIR DATA/FINAL | O8: =O7 -> 434 | P8: =O8*S7 -> 374.48514 | Q8: =P8*R7 -> 5124.6257
N9: LOAD PLANNING DATA
N10: ULD | Q10: BULK
N11: ULD NO | O11: NO of PCS | P11: KG per ULD | Q11: POS | R11: NO of PCS | S11: KG per POS
N12: 1 | O12: 44 | P12: =O12*R7 -> 602.1161 | Q12: 3 | R12: 35 | S12: =R12*R7 -> 478.95599
N13: 2 | O13: 44 | P13: =O13*R7 -> 602.1161 | Q13: 4 | R13: 18 | S13: =R7*R13 -> 246.32022
N14: 3 | O14: 44 | P14: =R7*O14 -> 602.1161 | Q14: 5 | R14: 0 | S14: =R14*R7 -> 0
N15: 4 | O15: 44 | P15: =R7*O15 -> 602.1161 | Q15: 1 | R15: 0 | S15: =R7*R15 -> 0
N16: 5 | O16: 44 | P16: =R7*O16 -> 602.1161 | R16: 0 | S16: =R7*R16 -> 0
N17: 6 | O17: 44 | P17: =R7*O17 -> 602.1161 | R17: 0 | S17: =R7*R17 -> 0
N18: 7 | O18: 43 | P18: =R7*O18 -> 588.43164 | R18: 0 | S18: =R7*R18 -> 0
N19: 8 | O19: 40 | P19: =R7*O19 -> 547.37827 | R19: 0 | S19: =R7*R19 -> 0
N20: 9 | O20: 0 | P20: =R7*O20 -> 0 | R20: 0 | S20: =R7*R20 -> 0
N21: BULK | O21: 0 | P21: =R7*O21 -> 0 | S21: =R7*R21 -> 0
N22: REST | O22: =P8-O12-O13-O14-O15-O16-O17-O18-O19-O20-O21 -> 27.485141 | P22: =Q8-P12-P13-P14-P15-P16-P17-P18-P19-P20-P21 -> 376.11922 | Q22: REST | R22: =P8-R12-R13-R14-R15-R16-R17-R18-R19-R20-R21 -> 321.48514 | S22: =Q8-S12-S13-S14-S15-S16-S17-S18-S19-S20-S21 -> 4399.3495
N23: TOTAL | O23: =O12+O13+O14+O15+O16+O17+O18+O19+O20+O21 -> 347 | P23: =P12+P13+P14+P15+P16+P17+P18+P19+P20+P21 -> 4748.5065 | Q23: TOTAL | R23: =R12+R13+R14+R15+R16+R17+R18+R19+R20+R21 -> 53 | S23: =S12+S13+S14+S15+S16+S17+S18+S19+S20+S21 -> 725.27621

Sheet UTP_SVO 01_26
A1: AVERAGE BAGGAGE WEIGHT TABLE | I1: Preliminary PAYLOAD
A2: FROM | B2: TO | C2: AVERAGE | I2: PAX NO ADL+CHD | K2: 434
C3: PCS per PAX | E3: WGHT per PC | G3: HB WGHT per PAX | I3: PCS per FLT | J3: BAGGAGE WGHT | K3: HB WGHT
A4: UTP | B4: SVO | C4: =AVERAGEA(I7:I50) -> 0.81606269 | E4: =AVERAGEA(J7:J50) -> 14.012408 | G4: =AVERAGEA(K7:K50) -> 0 | I4: =C4*K2 -> 354.17121 | J4: =I4*E4 -> 4962.7913 | K4: =K2*G4 -> 0
A5: DATE | B5: FLT NO | C5: AC TYPE | D5: ADULT | E5: CHD | F5: BAGGAGE | H5: CABIN BAGGAGE | I5: PCS per PAX | J5: WGHT per PC | K5: HB WGHT per PAX | N5: STATUS | O5: ADULT+CHD | P5: No of PCS | Q5: WEIGHT | R5: AVERAGE BAG WEIGHT | S5: NO BAG per PAX
F6: PCS | G6: WEIGHT
A7: 46031 | B7: 3686 | C7: A333 | D7: 344 | E7: 30 | F7: 314 | G7: 4506 | H7: 0 | I7: =F7/(D7+E7) -> 0.83957219 | J7: =G7/F7 -> 14.350318 | K7: =H7/(D7+E7) -> 0 | N7: PRE | O7: =K2 -> 434 | P7: =I4 -> 354.17121 | Q7: =J4 -> 4962.7913 | R7: =Q7/P7 -> 14.012408 | S7: =P7/O7 -> 0.81606269
A8: 46042 | B8: 3686 | C8: A333 | D8: 347 | E8: 29 | F8: 298 | G8: 4075 | H8: 0 | I8: =F8/(D8+E8) -> 0.79255319 | J8: =G8/F8 -> 13.674497 | K8: =H8/(D8+E8) -> 0 | N8: LIR DATA/FINAL | O8: =O7 -> 434 | P8: =O8*S7 -> 354.17121 | Q8: =P8*R7 -> 4962.7913
N9: LOAD PLANNING DATA
N10: ULD | Q10: BULK
N11: ULD NO | O11: NO of PCS | P11: KG per ULD | Q11: POS | R11: NO of PCS | S11: KG per POS
N12: 1 | O12: 44 | P12: =O12*R7 -> 616.54593 | Q12: 3 | R12: 35 | S12: =R12*R7 -> 490.43426
N13: 2 | O13: 44 | P13: =O13*R7 -> 616.54593 | Q13: 4 | R13: 18 | S13: =R7*R13 -> 252.22334
N14: 3 | O14: 44 | P14: =R7*O14 -> 616.54593 | Q14: 5 | R14: 0 | S14: =R14*R7 -> 0
N15: 4 | O15: 44 | P15: =R7*O15 -> 616.54593 | Q15: 1 | R15: 0 | S15: =R7*R15 -> 0
N16: 5 | O16: 44 | P16: =R7*O16 -> 616.54593 | R16: 0 | S16: =R7*R16 -> 0
N17: 6 | O17: 44 | P17: =R7*O17 -> 616.54593 | R17: 0 | S17: =R7*R17 -> 0
N18: 7 | O18: 43 | P18: =R7*O18 -> 602.53352 | R18: 0 | S18: =R7*R18 -> 0
N19: 8 | O19: 40 | P19: =R7*O19 -> 560.4963 | R19: 0 | S19: =R7*R19 -> 0
N20: 9 | O20: 0 | P20: =R7*O20 -> 0 | R20: 0 | S20: =R7*R20 -> 0
N21: BULK | O21: 0 | P21: =R7*O21 -> 0 | S21: =R7*R21 -> 0
N22: REST | O22: =P8-O12-O13-O14-O15-O16-O17-O18-O19-O20-O21 -> 7.1712083 | P22: =Q8-P12-P13-P14-P15-P16-P17-P18-P19-P20-P21 -> 100.48589 | Q22: REST | R22: =P8-R12-R13-R14-R15-R16-R17-R18-R19-R20-R21 -> 301.17121 | S22: =Q8-S12-S13-S14-S15-S16-S17-S18-S19-S20-S21 -> 4220.1337
N23: TOTAL | O23: =O12+O13+O14+O15+O16+O17+O18+O19+O20+O21 -> 347 | P23: =P12+P13+P14+P15+P16+P17+P18+P19+P20+P21 -> 4862.3054 | Q23: TOTAL | R23: =R12+R13+R14+R15+R16+R17+R18+R19+R20+R21 -> 53 | S23: =S12+S13+S14+S15+S16+S17+S18+S19+S20+S21 -> 742.6576

Sheet UTP_SVX 04_26
A1: AVERAGE BAGGAGE WEIGHT TABLE | I1: Preliminary PAYLOAD
A2: FROM | B2: TO | C2: AVERAGE | I2: PAX NO ADL+CHD | K2: 200
C3: PCS per PAX | E3: WGHT per PC | G3: HB WGHT per PAX | I3: PCS per FLT | J3: BAGGAGE WGHT | K3: HB WGHT
A4: UTP | B4: SVX | C4: =AVERAGEA(I7:I44) -> 0.7994723 | E4: =AVERAGEA(J7:J44) -> 13.267327 | G4: =AVERAGEA(K7:K44) -> 0 | I4: =C4*K2 -> 159.89446 | J4: =I4*E4 -> 2121.372 | K4: =K2*G4 -> 0
A5: DATE | B5: FLT NO | C5: AC TYPE | D5: ADULT | E5: CHD | F5: BAGGAGE | H5: CABIN BAGGAGE | I5: PCS per PAX | J5: WGHT per PC | K5: HB WGHT per PAX
F6: PCS | G6: WEIGHT
A7: 46122 | B7: 5582 | C7: A333 | D7: 323 | E7: 56 | F7: 303 | G7: 4020 | H7: 0 | I7: =F7/(D7+E7) -> 0.7994723 | J7: =G7/F7 -> 13.267327 | K7: =H7/(D7+E7) -> 0

Sheet SSH_KZN 01_2026
A1: AVERAGE BAGGAGE WEIGHT TABLE | I1: Preliminary PAYLOAD
A2: FROM | B2: TO | C2: AVERAGE | I2: PAX NO ADL+CHD | K2: 150
C3: PCS per PAX | E3: WGHT per PC | G3: HB WGHT per PAX | I3: PCS per FLT | J3: BAGGAGE WGHT | K3: HB WGHT
A4: SSH | B4: KZN | C4: =AVERAGEA(I7:I50) -> 0.75895164 | E4: =AVERAGEA(J7:J50) -> 12.057066 | G4: =AVERAGEA(K7:K50) -> 3 | I4: =C4*K2 -> 113.84275 | J4: =I4*E4 -> 1372.6095 | K4: =K2*G4 -> 450
A5: DATE | B5: FLT NO | C5: AC TYPE | D5: ADULT | E5: CHD | F5: BAGGAGE | H5: CABIN BAGGAGE | I5: PCS per PAX | J5: WGHT per PC | K5: HB WGHT per PAX | N5: STATUS | O5: ADULT+CHD | P5: No of PCS | Q5: WEIGHT | R5: AVERAGE BAG WEIGHT | S5: NO BAG per PAX
F6: PCS | G6: WEIGHT
A7: 46025 | B7: 3356 | C7: A333 | D7: 208 | E7: 50 | F7: 193 | G7: 2279 | H7: 774 | I7: =F7/(D7+E7) -> 0.74806202 | J7: =G7/F7 -> 11.80829 | K7: =H7/(D7+E7) -> 3 | N7: PRE | O7: =K2 -> 150 | P7: =I4 -> 113.84275 | Q7: =J4 -> 1372.6095 | R7: =Q7/P7 -> 12.057066 | S7: =P7/O7 -> 0.75895164
A8: 46036 | B8: 3356 | C8: A333 | D8: 316 | E8: 62 | F8: 291 | G8: 3581 | H8: 1134 | I8: =F8/(D8+E8) -> 0.76984127 | J8: =G8/F8 -> 12.305842 | K8: =H8/(D8+E8) -> 3 | N8: LIR DATA/FINAL | O8: =O7 -> 150 | P8: =O8*S7 -> 113.84275 | Q8: =P8*R7 -> 1372.6095
N9: LOAD PLANNING DATA
N10: ULD | Q10: BULK
N11: ULD NO | O11: NO of PCS | P11: KG per ULD | Q11: POS | R11: NO of PCS | S11: KG per POS
N12: 1 | O12: 44 | P12: =O12*R7 -> 530.51091 | Q12: 3 | R12: 35 | S12: =R12*R7 -> 421.99731
N13: 2 | O13: 44 | P13: =O13*R7 -> 530.51091 | Q13: 4 | R13: 18 | S13: =R7*R13 -> 217.02719
N14: 3 | O14: 44 | P14: =R7*O14 -> 530.51091 | Q14: 5 | R14: 0 | S14: =R14*R7 -> 0
N15: 4 | O15: 44 | P15: =R7*O15 -> 530.51091 | Q15: 1 | R15: 0 | S15: =R7*R15 -> 0
N16: 5 | O16: 44 | P16: =R7*O16 -> 530.51091 | R16: 0 | S16: =R7*R16 -> 0
N17: 6 | O17: 44 | P17: =R7*O17 -> 530.51091 | R17: 0 | S17: =R7*R17 -> 0
N18: 7 | O18: 43 | P18: =R7*O18 -> 518.45384 | R18: 0 | S18: =R7*R18 -> 0
N19: 8 | O19: 40 | P19: =R7*O19 -> 482.28264 | R19: 0 | S19: =R7*R19 -> 0
N20: 9 | O20: 0 | P20: =R7*O20 -> 0 | R20: 0 | S20: =R7*R20 -> 0
N21: BULK | O21: 0 | P21: =R7*O21 -> 0 | S21: =R7*R21 -> 0
N22: REST | O22: =P8-O12-O13-O14-O15-O16-O17-O18-O19-O20-O21 -> -233.15725 | P22: =Q8-P12-P13-P14-P15-P16-P17-P18-P19-P20-P21 -> -2811.1924 | Q22: REST | R22: =P8-R12-R13-R14-R15-R16-R17-R18-R19-R20-R21 -> 60.842746 | S22: =Q8-S12-S13-S14-S15-S16-S17-S18-S19-S20-S21 -> 733.58501
N23: TOTAL | O23: =O12+O13+O14+O15+O16+O17+O18+O19+O20+O21 -> 347 | P23: =P12+P13+P14+P15+P16+P17+P18+P19+P20+P21 -> 4183.8019 | Q23: TOTAL | R23: =R12+R13+R14+R15+R16+R17+R18+R19+R20+R21 -> 53 | S23: =S12+S13+S14+S15+S16+S17+S18+S19+S20+S21 -> 639.0245

Sheet SSH_UFA 01_2026
A1: AVERAGE BAGGAGE WEIGHT TABLE | I1: Preliminary PAYLOAD
A2: FROM | B2: TO | C2: AVERAGE | I2: PAX NO ADL+CHD | K2: 150
C3: PCS per PAX | E3: WGHT per PC | G3: HB WGHT per PAX | I3: PCS per FLT | J3: BAGGAGE WGHT | K3: HB WGHT
A4: SSH | B4: UFA | C4: =AVERAGEA(I7:I50) -> 0.75498933 | E4: =AVERAGEA(J7:J50) -> 12.283094 | G4: =AVERAGEA(K7:K50) -> 3 | I4: =C4*K2 -> 113.2484 | J4: =I4*E4 -> 1391.0407 | K4: =K2*G4 -> 450
A5: DATE | B5: FLT NO | C5: AC TYPE | D5: ADULT | E5: CHD | F5: BAGGAGE | H5: CABIN BAGGAGE | I5: PCS per PAX | J5: WGHT per PC | K5: HB WGHT per PAX | N5: STATUS | O5: ADULT+CHD | P5: No of PCS | Q5: WEIGHT | R5: AVERAGE BAG WEIGHT | S5: NO BAG per PAX
F6: PCS | G6: WEIGHT
A7: 46032 | B7: 3354 | C7: A333 | D7: 316 | E7: 63 | F7: 284 | G7: 3540 | H7: 1137 | I7: =F7/(D7+E7) -> 0.74934037 | J7: =G7/F7 -> 12.464789 | K7: =H7/(D7+E7) -> 3 | N7: PRE | O7: =K2 -> 150 | P7: =I4 -> 113.2484 | Q7: =J4 -> 1391.0407 | R7: =Q7/P7 -> 12.283094 | S7: =P7/O7 -> 0.75498933
A8: 46043 | B8: 3354 | C8: A333 | D8: 311 | E8: 65 | F8: 286 | G8: 3461 | H8: 1128 | I8: =F8/(D8+E8) -> 0.7606383 | J8: =G8/F8 -> 12.101399 | K8: =H8/(D8+E8) -> 3 | N8: LIR DATA/FINAL | O8: =O7 -> 150 | P8: =O8*S7 -> 113.2484 | Q8: =P8*R7 -> 1391.0407
N9: LOAD PLANNING DATA
N10: ULD | Q10: BULK
N11: ULD NO | O11: NO of PCS | P11: KG per ULD | Q11: POS | R11: NO of PCS | S11: KG per POS
N12: 1 | O12: 44 | P12: =O12*R7 -> 540.45612 | Q12: 3 | R12: 35 | S12: =R12*R7 -> 429.90828
N13: 2 | O13: 44 | P13: =O13*R7 -> 540.45612 | Q13: 4 | R13: 18 | S13: =R7*R13 -> 221.09569
N14: 3 | O14: 44 | P14: =R7*O14 -> 540.45612 | Q14: 5 | R14: 0 | S14: =R14*R7 -> 0
N15: 4 | O15: 44 | P15: =R7*O15 -> 540.45612 | Q15: 1 | R15: 0 | S15: =R7*R15 -> 0
N16: 5 | O16: 44 | P16: =R7*O16 -> 540.45612 | R16: 0 | S16: =R7*R16 -> 0
N17: 6 | O17: 44 | P17: =R7*O17 -> 540.45612 | R17: 0 | S17: =R7*R17 -> 0
N18: 7 | O18: 43 | P18: =R7*O18 -> 528.17303 | R18: 0 | S18: =R7*R18 -> 0
N19: 8 | O19: 40 | P19: =R7*O19 -> 491.32375 | R19: 0 | S19: =R7*R19 -> 0
N20: 9 | O20: 0 | P20: =R7*O20 -> 0 | R20: 0 | S20: =R7*R20 -> 0
N21: BULK | O21: 0 | P21: =R7*O21 -> 0 | S21: =R7*R21 -> 0
N22: REST | O22: =P8-O12-O13-O14-O15-O16-O17-O18-O19-O20-O21 -> -233.7516 | P22: =Q8-P12-P13-P14-P15-P16-P17-P18-P19-P20-P21 -> -2871.1928 | Q22: REST | R22: =P8-R12-R13-R14-R15-R16-R17-R18-R19-R20-R21 -> 60.2484 | S22: =Q8-S12-S13-S14-S15-S16-S17-S18-S19-S20-S21 -> 740.03674
N23: TOTAL | O23: =O12+O13+O14+O15+O16+O17+O18+O19+O20+O21 -> 347 | P23: =P12+P13+P14+P15+P16+P17+P18+P19+P20+P21 -> 4262.2335 | Q23: TOTAL | R23: =R12+R13+R14+R15+R16+R17+R18+R19+R20+R21 -> 53 | S23: =S12+S13+S14+S15+S16+S17+S18+S19+S20+S21 -> 651.00396

Sheet SSH_ZIA_09.2023
A1: AVERAGE BAGGAGE WEIGHT TABLE | I1: Preliminary PAYLOAD
A2: FROM | B2: TO | C2: AVERAGE | I2: PAX NO ADL+CHD | K2: 150
C3: PCS per PAX | E3: WGHT per PC | G3: HB WGHT per PAX | I3: PCS per FLT | J3: BAGGAGE WGHT | K3: HB WGHT
A4: SSH | B4: ZIA | C4: =AVERAGEA(I7:I50) -> 0.73924051 | E4: =AVERAGEA(J7:J50) -> 16.39726 | G4: =AVERAGEA(K7:K50) -> 5 | I4: =C4*K2 -> 110.88608 | J4: =I4*E4 -> 1818.2278 | K4: =K2*G4 -> 750
A5: DATE | B5: FLT NO | C5: AC TYPE | D5: ADULT | E5: CHD | F5: BAGGAGE | H5: CABIN BAGGAGE | I5: PCS per PAX | J5: WGHT per PC | K5: HB WGHT per PAX | N5: STATUS | O5: ADULT+CHD | P5: No of PCS | Q5: WEIGHT | R5: AVERAGE BAG WEIGHT | S5: NO BAG per PAX
F6: PCS | G6: WEIGHT
A7: 45154 | B7: EO3026 | C7: B772 | D7: 339 | E7: 56 | F7: 292 | G7: 4788 | H7: 1975 | I7: =F7/(D7+E7) -> 0.73924051 | J7: =G7/F7 -> 16.39726 | K7: =H7/(D7+E7) -> 5 | N7: PRE | O7: =K2 -> 150 | P7: =I4 -> 110.88608 | Q7: =J4 -> 1818.2278 | R7: =Q7/P7 -> 16.39726 | S7: =P7/O7 -> 0.73924051
N8: LIR DATA/FINAL | O8: =O7 -> 150 | P8: =O8*S7 -> 110.88608 | Q8: =P8*R7 -> 1818.2278
N9: LOAD PLANNING DATA
N10: ULD | Q10: BULK
N11: ULD NO | O11: NO of PCS | P11: KG per ULD | Q11: POS | R11: NO of PCS | S11: KG per POS
N12: 1 | O12: 44 | P12: =O12*R7 -> 721.47945 | Q12: 3 | R12: 35 | S12: =R12*R7 -> 573.90411
N13: 2 | O13: 44 | P13: =O13*R7 -> 721.47945 | Q13: 4 | R13: 18 | S13: =R7*R13 -> 295.15068
N14: 3 | O14: 44 | P14: =R7*O14 -> 721.47945 | Q14: 5 | R14: 0 | S14: =R14*R7 -> 0
N15: 4 | O15: 44 | P15: =R7*O15 -> 721.47945 | Q15: 1 | R15: 0 | S15: =R7*R15 -> 0
N16: 5 | O16: 44 | P16: =R7*O16 -> 721.47945 | R16: 0 | S16: =R7*R16 -> 0
N17: 6 | O17: 44 | P17: =R7*O17 -> 721.47945 | R17: 0 | S17: =R7*R17 -> 0
N18: 7 | O18: 43 | P18: =R7*O18 -> 705.08219 | R18: 0 | S18: =R7*R18 -> 0
N19: 8 | O19: 40 | P19: =R7*O19 -> 655.89041 | R19: 0 | S19: =R7*R19 -> 0
N20: 9 | O20: 0 | P20: =R7*O20 -> 0 | R20: 0 | S20: =R7*R20 -> 0
N21: BULK | O21: 0 | P21: =R7*O21 -> 0 | S21: =R7*R21 -> 0
N22: REST | O22: =P8-O12-O13-O14-O15-O16-O17-O18-O19-O20-O21 -> -236.11392 | P22: =Q8-P12-P13-P14-P15-P16-P17-P18-P19-P20-P21 -> -3871.6215 | Q22: REST | R22: =P8-R12-R13-R14-R15-R16-R17-R18-R19-R20-R21 -> 57.886076 | S22: =Q8-S12-S13-S14-S15-S16-S17-S18-S19-S20-S21 -> 949.17305
N23: TOTAL | O23: =O12+O13+O14+O15+O16+O17+O18+O19+O20+O21 -> 347 | P23: =P12+P13+P14+P15+P16+P17+P18+P19+P20+P21 -> 5689.8493 | Q23: TOTAL | R23: =R12+R13+R14+R15+R16+R17+R18+R19+R20+R21 -> 53 | S23: =S12+S13+S14+S15+S16+S17+S18+S19+S20+S21 -> 869.05479

Sheet SSH_SVO 01_2026
A1: AVERAGE BAGGAGE WEIGHT TABLE | I1: Preliminary PAYLOAD
A2: FROM | B2: TO | C2: AVERAGE | I2: PAX NO ADL+CHD | K2: 437
C3: PCS per PAX | E3: WGHT per PC | G3: HB WGHT per PAX | I3: PCS per FLT | J3: BAGGAGE WGHT | K3: HB WGHT
A4: SSH | B4: SVO | C4: =AVERAGEA(I7:I43) -> 0.78428511 | E4: =AVERAGEA(J7:J43) -> 12.175869 | G4: =AVERAGEA(K7:K43) -> 3 | I4: =C4*K2 -> 342.73259 | J4: =I4*E4 -> 4173.067 | K4: =K2*G4 -> 1311
A5: DATE | B5: FLT NO | C5: AC TYPE | D5: ADULT | E5: CHD | F5: BAGGAGE | H5: CABIN BAGGAGE | I5: PCS per PAX | J5: WGHT per PC | K5: HB WGHT per PAX | N5: STATUS | O5: ADULT+CHD | P5: No of PCS | Q5: WEIGHT | R5: AVERAGE BAG WEIGHT | S5: NO BAG per PAX
F6: PCS | G6: WEIGHT
A7: 46024 | B7: 3342 | C7: A333 | D7: 180 | E7: 23 | F7: 164 | G7: 1842 | H7: 609 | I7: =F7/(D7+E7) -> 0.80788177 | J7: =G7/F7 -> 11.231707 | K7: =H7/(D7+E7) -> 3 | N7: PRE | O7: =K2 -> 437 | P7: =I4 -> 342.73259 | Q7: =J4 -> 4173.067 | R7: =Q7/P7 -> 12.175869 | S7: =P7/O7 -> 0.78428511
A8: 46031 | B8: 3342 | C8: A333 | D8: 331 | E8: 47 | F8: 313 | G8: 3926 | H8: 1134 | I8: =F8/(D8+E8) -> 0.82804233 | J8: =G8/F8 -> 12.543131 | K8: =H8/(D8+E8) -> 3 | N8: LIR DATA/FINAL | O8: =O7 -> 437 | P8: =O8*S7 -> 342.73259 | Q8: =P8*R7 -> 4173.067
A9: 46035 | B9: 3342 | C9: A333 | D9: 323 | E9: 55 | F9: 271 | G9: 3456 | H9: 1134 | I9: =F9/(D9+E9) -> 0.71693122 | J9: =G9/F9 -> 12.752768 | K9: =H9/(D9+E9) -> 3 | N9: LOAD PLANNING DATA
N10: ULD | Q10: BULK
N11: ULD NO | O11: NO of PCS | P11: KG per ULD | Q11: POS | R11: NO of PCS | S11: KG per POS
N12: 1 | O12: 44 | P12: =O12*R7 -> 535.73822 | Q12: 3 | R12: 35 | S12: =R12*R7 -> 426.1554
N13: 2 | O13: 44 | P13: =O13*R7 -> 535.73822 | Q13: 4 | R13: 18 | S13: =R7*R13 -> 219.16564
N14: 3 | O14: 44 | P14: =R7*O14 -> 535.73822 | Q14: 5 | R14: 0 | S14: =R14*R7 -> 0
N15: 4 | O15: 44 | P15: =R7*O15 -> 535.73822 | Q15: 1 | R15: 0 | S15: =R7*R15 -> 0
N16: 5 | O16: 44 | P16: =R7*O16 -> 535.73822 | R16: 0 | S16: =R7*R16 -> 0
N17: 6 | O17: 44 | P17: =R7*O17 -> 535.73822 | R17: 0 | S17: =R7*R17 -> 0
N18: 7 | O18: 43 | P18: =R7*O18 -> 523.56235 | R18: 0 | S18: =R7*R18 -> 0
N19: 8 | O19: 40 | P19: =R7*O19 -> 487.03474 | R19: 0 | S19: =R7*R19 -> 0
N20: 9 | O20: 0 | P20: =R7*O20 -> 0 | R20: 0 | S20: =R7*R20 -> 0
N21: BULK | O21: 0 | P21: =R7*O21 -> 0 | S21: =R7*R21 -> 0
N22: REST | O22: =P8-O12-O13-O14-O15-O16-O17-O18-O19-O20-O21 -> -4.2674086 | P22: =Q8-P12-P13-P14-P15-P16-P17-P18-P19-P20-P21 -> -51.959407 | Q22: REST | R22: =P8-R12-R13-R14-R15-R16-R17-R18-R19-R20-R21 -> 289.73259 | S22: =Q8-S12-S13-S14-S15-S16-S17-S18-S19-S20-S21 -> 3527.746
N23: TOTAL | O23: =O12+O13+O14+O15+O16+O17+O18+O19+O20+O21 -> 347 | P23: =P12+P13+P14+P15+P16+P17+P18+P19+P20+P21 -> 4225.0264 | Q23: TOTAL | R23: =R12+R13+R14+R15+R16+R17+R18+R19+R20+R21 -> 53 | S23: =S12+S13+S14+S15+S16+S17+S18+S19+S20+S21 -> 645.32104

Sheet SSH_SVX 01_2026
A1: AVERAGE BAGGAGE WEIGHT TABLE | I1: Preliminary PAYLOAD
A2: FROM | B2: TO | C2: AVERAGE | I2: PAX NO ADL+CHD | K2: 434
C3: PCS per PAX | E3: WGHT per PC | G3: HB WGHT per PAX | I3: PCS per FLT | J3: BAGGAGE WGHT | K3: HB WGHT
A4: SSH | B4: SVX | C4: =AVERAGEA(I7:I50) -> 0.76185246 | E4: =AVERAGEA(J7:J50) -> 12.12945 | G4: =AVERAGEA(K7:K50) -> 3 | I4: =C4*K2 -> 330.64397 | J4: =I4*E4 -> 4010.5294 | K4: =K2*G4 -> 1302
A5: DATE | B5: FLT NO | C5: AC TYPE | D5: ADULT | E5: CHD | F5: BAGGAGE | H5: CABIN BAGGAGE | I5: PCS per PAX | J5: WGHT per PC | K5: HB WGHT per PAX | N5: STATUS | O5: ADULT+CHD | P5: No of PCS | Q5: WEIGHT | R5: AVERAGE BAG WEIGHT | S5: NO BAG per PAX
F6: PCS | G6: WEIGHT
A7: 46026 | B7: 3358 | C7: A333 | D7: 300 | E7: 63 | F7: 280 | G7: 3349 | H7: 1089 | I7: =F7/(D7+E7) -> 0.77134986 | J7: =G7/F7 -> 11.960714 | K7: =H7/(D7+E7) -> 3 | N7: PRE | O7: =K2 -> 434 | P7: =I4 -> 330.64397 | Q7: =J4 -> 4010.5294 | R7: =Q7/P7 -> 12.12945 | S7: =P7/O7 -> 0.76185246
A8: 46027 | B8: 3350 | C8: A333 | D8: 258 | E8: 53 | F8: 234 | G8: 2953 | H8: 933 | I8: =F8/(D8+E8) -> 0.75241158 | J8: =G8/F8 -> 12.619658 | K8: =H8/(D8+E8) -> 3 | N8: LIR DATA/FINAL | O8: =O7 -> 434 | P8: =O8*S7 -> 330.64397 | Q8: =P8*R7 -> 4010.5294
A9: 46030 | B9: 3350 | C9: A333 | D9: 334 | E9: 41 | F9: 294 | G9: 3514 | H9: 1125 | I9: =F9/(D9+E9) -> 0.784 | J9: =G9/F9 -> 11.952381 | K9: =H9/(D9+E9) -> 3 | N9: LOAD PLANNING DATA
A10: 46033 | B10: 3350 | C10: A333 | D10: 323 | E10: 55 | F10: 288 | G10: 3505 | H10: 1134 | I10: =F10/(D10+E10) -> 0.76190476 | J10: =G10/F10 -> 12.170139 | K10: =H10/(D10+E10) -> 3 | N10: ULD | Q10: BULK
A11: 46037 | B11: 3358 | C11: A333 | D11: 308 | E11: 69 | F11: 289 | G11: 3400 | H11: 1131 | I11: =F11/(D11+E11) -> 0.76657825 | J11: =G11/F11 -> 11.764706 | K11: =H11/(D11+E11) -> 3 | N11: ULD NO | O11: NO of PCS | P11: KG per ULD | Q11: POS | R11: NO of PCS | S11: KG per POS
A12: 46038 | B12: 3358 | C12: A333 | D12: 310 | E12: 69 | F12: 282 | G12: 3584 | H12: 1137 | I12: =F12/(D12+E12) -> 0.74406332 | J12: =G12/F12 -> 12.70922 | K12: =H12/(D12+E12) -> 3 | N12: 1 | O12: 44 | P12: =O12*R7 -> 533.69579 | Q12: 3 | R12: 35 | S12: =R12*R7 -> 424.53074
A13: 46041 | B13: 3358 | C13: A333 | D13: 310 | E13: 69 | F13: 286 | G13: 3336 | H13: 1137 | I13: =F13/(D13+E13) -> 0.75461741 | J13: =G13/F13 -> 11.664336 | K13: =H13/(D13+E13) -> 3 | N13: 2 | O13: 44 | P13: =O13*R7 -> 533.69579 | Q13: 4 | R13: 18 | S13: =R7*R13 -> 218.3301
A14: 46044 | B14: 3358 | C14: A333 | D14: 318 | E14: 61 | F14: 288 | G14: 3512 | H14: 1137 | I14: =F14/(D14+E14) -> 0.75989446 | J14: =G14/F14 -> 12.194444 | K14: =H14/(D14+E14) -> 3 | N14: 3 | O14: 44 | P14: =R7*O14 -> 533.69579 | Q14: 5 | R14: 0 | S14: =R14*R7 -> 0
N15: 4 | O15: 44 | P15: =R7*O15 -> 533.69579 | Q15: 1 | R15: 0 | S15: =R7*R15 -> 0
N16: 5 | O16: 44 | P16: =R7*O16 -> 533.69579 | R16: 0 | S16: =R7*R16 -> 0
N17: 6 | O17: 44 | P17: =R7*O17 -> 533.69579 | R17: 0 | S17: =R7*R17 -> 0
N18: 7 | O18: 43 | P18: =R7*O18 -> 521.56634 | R18: 0 | S18: =R7*R18 -> 0
N19: 8 | O19: 40 | P19: =R7*O19 -> 485.17799 | R19: 0 | S19: =R7*R19 -> 0
N20: 9 | O20: 0 | P20: =R7*O20 -> 0 | R20: 0 | S20: =R7*R20 -> 0
N21: BULK | O21: 0 | P21: =R7*O21 -> 0 | S21: =R7*R21 -> 0
N22: REST | O22: =P8-O12-O13-O14-O15-O16-O17-O18-O19-O20-O21 -> -16.356034 | P22: =Q8-P12-P13-P14-P15-P16-P17-P18-P19-P20-P21 -> -198.38969 | Q22: REST | R22: =P8-R12-R13-R14-R15-R16-R17-R18-R19-R20-R21 -> 277.64397 | S22: =Q8-S12-S13-S14-S15-S16-S17-S18-S19-S20-S21 -> 3367.6685
N23: TOTAL | O23: =O12+O13+O14+O15+O16+O17+O18+O19+O20+O21 -> 347 | P23: =P12+P13+P14+P15+P16+P17+P18+P19+P20+P21 -> 4208.9191 | Q23: TOTAL | R23: =R12+R13+R14+R15+R16+R17+R18+R19+R20+R21 -> 53 | S23: =S12+S13+S14+S15+S16+S17+S18+S19+S20+S21 -> 642.86084

Sheet SSH_LED 11_2025
A1: AVERAGE BAGGAGE WEIGHT TABLE | I1: Preliminary PAYLOAD
A2: FROM | B2: TO | C2: AVERAGE | I2: PAX NO ADL+CHD | K2: 437
C3: PCS per PAX | E3: WGHT per PC | G3: HB WGHT per PAX | I3: PCS per FLT | J3: BAGGAGE WGHT | K3: HB WGHT
A4: SSH | B4: LED | C4: =AVERAGEA(I7:I50) -> 0.77611857 | E4: =AVERAGEA(J7:J50) -> 11.718447 | G4: =AVERAGEA(K7:K50) -> 3 | I4: =C4*K2 -> 339.16381 | J4: =I4*E4 -> 3974.4732 | K4: =K2*G4 -> 1311
A5: DATE | B5: FLT NO | C5: AC TYPE | D5: ADULT | E5: CHD | F5: BAGGAGE | H5: CABIN BAGGAGE | I5: PCS per PAX | J5: WGHT per PC | K5: HB WGHT per PAX | N5: STATUS | O5: ADULT+CHD | P5: No of PCS | Q5: WEIGHT | R5: AVERAGE BAG WEIGHT | S5: NO BAG per PAX
F6: PCS | G6: WEIGHT
A7: 45972 | B7: 3352 | C7: A333 | D7: 318 | E7: 58 | F7: 288 | G7: 3404 | H7: 1128 | I7: =F7/(D7+E7) -> 0.76595745 | J7: =G7/F7 -> 11.819444 | K7: =H7/(D7+E7) -> 3 | N7: PRE | O7: =K2 -> 437 | P7: =I4 -> 339.16381 | Q7: =J4 -> 3974.4732 | R7: =Q7/P7 -> 11.718447 | S7: =P7/O7 -> 0.77611857
A8: 45976 | B8: 3352 | C8: A333 | D8: 331 | E8: 48 | F8: 298 | G8: 3462 | H8: 1137 | I8: =F8/(D8+E8) -> 0.78627968 | J8: =G8/F8 -> 11.61745 | K8: =H8/(D8+E8) -> 3 | N8: LIR DATA/FINAL | O8: =O7 -> 437 | P8: =O8*S7 -> 339.16381 | Q8: =P8*R7 -> 3974.4732
N9: LOAD PLANNING DATA
N10: ULD | Q10: BULK
N11: ULD NO | O11: NO of PCS | P11: KG per ULD | Q11: POS | R11: NO of PCS | S11: KG per POS
N12: 1 | O12: 44 | P12: =O12*R7 -> 515.61167 | Q12: 3 | R12: 35 | S12: =R12*R7 -> 410.14565
N13: 2 | O13: 44 | P13: =O13*R7 -> 515.61167 | Q13: 4 | R13: 18 | S13: =R7*R13 -> 210.93205
N14: 3 | O14: 44 | P14: =R7*O14 -> 515.61167 | Q14: 5 | R14: 0 | S14: =R14*R7 -> 0
N15: 4 | O15: 44 | P15: =R7*O15 -> 515.61167 | Q15: 1 | R15: 0 | S15: =R7*R15 -> 0
N16: 5 | O16: 44 | P16: =R7*O16 -> 515.61167 | R16: 0 | S16: =R7*R16 -> 0
N17: 6 | O17: 44 | P17: =R7*O17 -> 515.61167 | R17: 0 | S17: =R7*R17 -> 0
N18: 7 | O18: 43 | P18: =R7*O18 -> 503.89322 | R18: 0 | S18: =R7*R18 -> 0
N19: 8 | O19: 40 | P19: =R7*O19 -> 468.73788 | R19: 0 | S19: =R7*R19 -> 0
N20: 9 | O20: 0 | P20: =R7*O20 -> 0 | R20: 0 | S20: =R7*R20 -> 0
N21: BULK | O21: 0 | P21: =R7*O21 -> 0 | S21: =R7*R21 -> 0
N22: REST | O22: =P8-O12-O13-O14-O15-O16-O17-O18-O19-O20-O21 -> -7.8361871 | P22: =Q8-P12-P13-P14-P15-P16-P17-P18-P19-P20-P21 -> -91.827943 | Q22: REST | R22: =P8-R12-R13-R14-R15-R16-R17-R18-R19-R20-R21 -> 286.16381 | S22: =Q8-S12-S13-S14-S15-S16-S17-S18-S19-S20-S21 -> 3353.3955
N23: TOTAL | O23: =O12+O13+O14+O15+O16+O17+O18+O19+O20+O21 -> 347 | P23: =P12+P13+P14+P15+P16+P17+P18+P19+P20+P21 -> 4066.3011 | Q23: TOTAL | R23: =R12+R13+R14+R15+R16+R17+R18+R19+R20+R21 -> 53 | S23: =S12+S13+S14+S15+S16+S17+S18+S19+S20+S21 -> 621.07769

Sheet SSH_MRV 01_26
A1: AVERAGE BAGGAGE WEIGHT TABLE | I1: Preliminary PAYLOAD
A2: FROM | B2: TO | C2: AVERAGE | I2: PAX NO ADL+CHD | K2: 434
C3: PCS per PAX | E3: WGHT per PC | G3: HB WGHT per PAX | I3: PCS per FLT | J3: BAGGAGE WGHT | K3: HB WGHT
A4: SSH | B4: MRV | C4: =AVERAGEA(I7:I50) -> 0.77142669 | E4: =AVERAGEA(J7:J50) -> 12.364119 | G4: =AVERAGEA(K7:K50) -> 3 | I4: =C4*K2 -> 334.79919 | J4: =I4*E4 -> 4139.4969 | K4: =K2*G4 -> 1302
A5: DATE | B5: FLT NO | C5: AC TYPE | D5: ADULT | E5: CHD | F5: BAGGAGE | H5: CABIN BAGGAGE | I5: PCS per PAX | J5: WGHT per PC | K5: HB WGHT per PAX
F6: PCS | G6: WEIGHT
A7: 46046 | B7: 3362 | C7: A322 | D7: 178 | E7: 41 | F7: 163 | G7: 2154 | H7: 657 | I7: =F7/(D7+E7) -> 0.74429224 | J7: =G7/F7 -> 13.214724 | K7: =H7/(D7+E7) -> 3
A8: 46046 | B8: 3364 | C8: A322 | D8: 114 | E8: 25 | F8: 111 | G8: 1278 | H8: 417 | I8: =F8/(D8+E8) -> 0.79856115 | J8: =G8/F8 -> 11.513514 | K8: =H8/(D8+E8) -> 3

Sheet SSH_OMS 01_26
A1: AVERAGE BAGGAGE WEIGHT TABLE | I1: Preliminary PAYLOAD
A2: FROM | B2: TO | C2: AVERAGE | I2: PAX NO ADL+CHD | K2: 437
C3: PCS per PAX | E3: WGHT per PC | G3: HB WGHT per PAX | I3: PCS per FLT | J3: BAGGAGE WGHT | K3: HB WGHT
A4: SSH | B4: OMS | C4: =AVERAGEA(I7:I50) -> 0.7383233 | E4: =AVERAGEA(J7:J50) -> 12.290636 | G4: =AVERAGEA(K7:K50) -> 3 | I4: =C4*K2 -> 322.64728 | J4: =I4*E4 -> 3965.5403 | K4: =K2*G4 -> 1311
A5: DATE | B5: FLT NO | C5: AC TYPE | D5: ADULT | E5: CHD | F5: BAGGAGE | H5: CABIN BAGGAGE | I5: PCS per PAX | J5: WGHT per PC | K5: HB WGHT per PAX | N5: STATUS | O5: ADULT+CHD | P5: No of PCS | Q5: WEIGHT | R5: AVERAGE BAG WEIGHT | S5: NO BAG per PAX
F6: PCS | G6: WEIGHT
A7: 46023 | B7: 3362 | C7: A333 | D7: 208 | E7: 53 | F7: 190 | G7: 2375 | H7: 783 | I7: =F7/(D7+E7) -> 0.72796935 | J7: =G7/F7 -> 12.5 | K7: =H7/(D7+E7) -> 3 | N7: PRE | O7: =K2 -> 437 | P7: =I4 -> 322.64728 | Q7: =J4 -> 3965.5403 | R7: =Q7/P7 -> 12.290636 | S7: =P7/O7 -> 0.7383233
A8: 46034 | B8: 3362 | C8: A333 | D8: 333 | E8: 45 | F8: 283 | G8: 3419 | H8: 1134 | I8: =F8/(D8+E8) -> 0.74867725 | J8: =G8/F8 -> 12.081272 | K8: =H8/(D8+E8) -> 3 | N8: LIR DATA/FINAL | O8: =O7 -> 437 | P8: =O8*S7 -> 322.64728 | Q8: =P8*R7 -> 3965.5403
N9: LOAD PLANNING DATA
N10: ULD | Q10: BULK
N11: ULD NO | O11: NO of PCS | P11: KG per ULD | Q11: POS | R11: NO of PCS | S11: KG per POS
N12: 1 | O12: 44 | P12: =O12*R7 -> 540.78799 | Q12: 3 | R12: 35 | S12: =R12*R7 -> 430.17226
N13: 2 | O13: 44 | P13: =O13*R7 -> 540.78799 | Q13: 4 | R13: 18 | S13: =R7*R13 -> 221.23145
N14: 3 | O14: 44 | P14: =R7*O14 -> 540.78799 | Q14: 5 | R14: 0 | S14: =R14*R7 -> 0
N15: 4 | O15: 44 | P15: =R7*O15 -> 540.78799 | Q15: 1 | R15: 0 | S15: =R7*R15 -> 0
N16: 5 | O16: 44 | P16: =R7*O16 -> 540.78799 | R16: 0 | S16: =R7*R16 -> 0
N17: 6 | O17: 44 | P17: =R7*O17 -> 540.78799 | R17: 0 | S17: =R7*R17 -> 0
N18: 7 | O18: 43 | P18: =R7*O18 -> 528.49735 | R18: 0 | S18: =R7*R18 -> 0
N19: 8 | O19: 40 | P19: =R7*O19 -> 491.62544 | R19: 0 | S19: =R7*R19 -> 0
N20: 9 | O20: 0 | P20: =R7*O20 -> 0 | R20: 0 | S20: =R7*R20 -> 0
N21: BULK | O21: 0 | P21: =R7*O21 -> 0 | S21: =R7*R21 -> 0
N22: REST | O22: =P8-O12-O13-O14-O15-O16-O17-O18-O19-O20-O21 -> -24.352718 | P22: =Q8-P12-P13-P14-P15-P16-P17-P18-P19-P20-P21 -> -299.3104 | Q22: REST | R22: =P8-R12-R13-R14-R15-R16-R17-R18-R19-R20-R21 -> 269.64728 | S22: =Q8-S12-S13-S14-S15-S16-S17-S18-S19-S20-S21 -> 3314.1366
N23: TOTAL | O23: =O12+O13+O14+O15+O16+O17+O18+O19+O20+O21 -> 347 | P23: =P12+P13+P14+P15+P16+P17+P18+P19+P20+P21 -> 4264.8507 | Q23: TOTAL | R23: =R12+R13+R14+R15+R16+R17+R18+R19+R20+R21 -> 53 | S23: =S12+S13+S14+S15+S16+S17+S18+S19+S20+S21 -> 651.40371

Sheet SSH_PEE 01_26
A1: AVERAGE BAGGAGE WEIGHT TABLE | I1: Preliminary PAYLOAD
A2: FROM | B2: TO | C2: AVERAGE | I2: PAX NO ADL+CHD | K2: 200
C3: PCS per PAX | E3: WGHT per PC | G3: HB WGHT per PAX | I3: PCS per FLT | J3: BAGGAGE WGHT | K3: HB WGHT
A4: SSH | B4: PEE | C4: =AVERAGEA(I7:I44) -> 0.75384403 | E4: =AVERAGEA(J7:J44) -> 11.587007 | G4: =AVERAGEA(K7:K44) -> 3 | I4: =C4*K2 -> 150.76881 | J4: =I4*E4 -> 1746.9591 | K4: =K2*G4 -> 600
A5: DATE | B5: FLT NO | C5: AC TYPE | D5: ADULT | E5: CHD | F5: BAGGAGE | H5: CABIN BAGGAGE | I5: PCS per PAX | J5: WGHT per PC | K5: HB WGHT per PAX
F6: PCS | G6: WEIGHT
A7: 46029 | B7: 3360 | C7: A333 | D7: 317 | E7: 57 | F7: 299 | G7: 3266 | H7: 1122 | I7: =F7/(D7+E7) -> 0.79946524 | J7: =G7/F7 -> 10.923077 | K7: =H7/(D7+E7) -> 3
A8: 46040 | B8: 3360 | C8: A333 | D8: 300 | E8: 77 | F8: 267 | G8: 3271 | H8: 1131 | I8: =F8/(D8+E8) -> 0.70822281 | J8: =G8/F8 -> 12.250936 | K8: =H8/(D8+E8) -> 3

Sheet SSH_TJM 01_26
A1: AVERAGE BAGGAGE WEIGHT TABLE | I1: Preliminary PAYLOAD
A2: FROM | B2: TO | C2: AVERAGE | I2: PAX NO ADL+CHD | K2: 200
C3: PCS per PAX | E3: WGHT per PC | G3: HB WGHT per PAX | I3: PCS per FLT | J3: BAGGAGE WGHT | K3: HB WGHT
A4: SSH | B4: TJM | C4: =AVERAGEA(I7:I44) -> 0.73584749 | E4: =AVERAGEA(J7:J44) -> 11.809045 | G4: =AVERAGEA(K7:K44) -> 3 | I4: =C4*K2 -> 147.1695 | J4: =I4*E4 -> 1737.9312 | K4: =K2*G4 -> 600
A5: DATE | B5: FLT NO | C5: AC TYPE | D5: ADULT | E5: CHD | F5: BAGGAGE | H5: CABIN BAGGAGE | I5: PCS per PAX | J5: WGHT per PC | K5: HB WGHT per PAX
F6: PCS | G6: WEIGHT
A7: 46028 | B7: 3340 | C7: A333 | D7: 230 | E7: 56 | F7: 203 | G7: 2522 | H7: 858 | I7: =F7/(D7+E7) -> 0.70979021 | J7: =G7/F7 -> 12.423645 | K7: =H7/(D7+E7) -> 3
A8: 46039 | B8: 3340 | C8: A333 | D8: 304 | E8: 74 | F8: 288 | G8: 3224 | H8: 1134 | I8: =F8/(D8+E8) -> 0.76190476 | J8: =G8/F8 -> 11.194444 | K8: =H8/(D8+E8) -> 3

Sheet SUI_CEK 07_26
A1: AVERAGE BAGGAGE WEIGHT TABLE | I1: Preliminary PAYLOAD
A2: FROM | B2: TO | C2: AVERAGE | I2: PAX NO ADL+CHD | K2: 101
C3: PCS per PAX | E3: WGHT per PC | G3: HB WGHT per PAX | I3: PCS per FLT | J3: BAGGAGE WGHT | K3: HB WGHT
A4: SUI | B4: CEK | C4: =AVERAGEA(I7:I37) -> 0.4084507 | E4: =AVERAGEA(J7:J37) -> 14.862069 | G4: =AVERAGEA(K7:K37) -> 3.7042254 | I4: =C4*K2 -> 41.253521 | J4: =I4*E4 -> 613.11268 | K4: =K2*G4 -> 374.12676
A5: DATE | B5: FLT NO | C5: AC TYPE | D5: ADULT | E5: CHD | F5: BAGGAGE | H5: CABIN BAGGAGE | I5: PCS per PAX | J5: WGHT per PC | K5: HB WGHT per PAX
F6: PCS | G6: WEIGHT
A7: 46219 | B7: 1284 | C7: B738 | D7: 63 | E7: 8 | F7: 29 | G7: 431 | H7: 263 | I7: =F7/(D7+E7) -> 0.4084507 | J7: =G7/F7 -> 14.862069 | K7: =H7/(D7+E7) -> 3.7042254

Sheet SUI_GOJ 07_26
A1: AVERAGE BAGGAGE WEIGHT TABLE | I1: Preliminary PAYLOAD
A2: FROM | B2: TO | C2: AVERAGE | I2: PAX NO ADL+CHD | K2: 101
C3: PCS per PAX | E3: WGHT per PC | G3: HB WGHT per PAX | I3: PCS per FLT | J3: BAGGAGE WGHT | K3: HB WGHT
A4: SUI | B4: GOJ | C4: =AVERAGEA(I7:I37) -> 0.59712276 | E4: =AVERAGEA(J7:J37) -> 14.692211 | G4: =AVERAGEA(K7:K37) -> 3.1426471 | I4: =C4*K2 -> 60.309399 | J4: =I4*E4 -> 886.07839 | K4: =K2*G4 -> 317.40735
A5: DATE | B5: FLT NO | C5: AC TYPE | D5: ADULT | E5: CHD | F5: BAGGAGE | H5: CABIN BAGGAGE | I5: PCS per PAX | J5: WGHT per PC | K5: HB WGHT per PAX
F6: PCS | G6: WEIGHT
A7: 46207 | B7: EO1298 | C7: E90 | D7: 74 | E7: 11 | F7: 47 | G7: 692 | H7: 258 | I7: =F7/(D7+E7) -> 0.55294118 | J7: =G7/F7 -> 14.723404 | K7: =H7/(D7+E7) -> 3.0352941
A8: 46214 | B8: EO1298 | C8: E90 | D8: 78 | E8: 14 | F8: 59 | G8: 865 | H8: 299 | I8: =F8/(D8+E8) -> 0.64130435 | J8: =G8/F8 -> 14.661017 | K8: =H8/(D8+E8) -> 3.25

Sheet SUI_LED 07_26
A1: AVERAGE BAGGAGE WEIGHT TABLE | I1: Preliminary PAYLOAD
A2: FROM | B2: TO | C2: AVERAGE | I2: PAX NO ADL+CHD | K2: 101
C3: PCS per PAX | E3: WGHT per PC | G3: HB WGHT per PAX | I3: PCS per FLT | J3: BAGGAGE WGHT | K3: HB WGHT
A4: SUI | B4: LED | C4: =AVERAGEA(I7:I37) -> 0.63207547 | E4: =AVERAGEA(J7:J37) -> 15.134328 | G4: =AVERAGEA(K7:K37) -> 2.7641509 | I4: =C4*K2 -> 63.839623 | J4: =I4*E4 -> 966.16981 | K4: =K2*G4 -> 279.17925
A5: DATE | B5: FLT NO | C5: AC TYPE | D5: ADULT | E5: CHD | F5: BAGGAGE | H5: CABIN BAGGAGE | I5: PCS per PAX | J5: WGHT per PC | K5: HB WGHT per PAX
F6: PCS | G6: WEIGHT
A7: 46220 | B7: 1278 | C7: B738 | D7: 89 | E7: 17 | F7: 67 | G7: 1014 | H7: 293 | I7: =F7/(D7+E7) -> 0.63207547 | J7: =G7/F7 -> 15.134328 | K7: =H7/(D7+E7) -> 2.7641509

Sheet SUI_SVO 07_26
A1: AVERAGE BAGGAGE WEIGHT TABLE | I1: Preliminary PAYLOAD
A2: FROM | B2: TO | C2: AVERAGE | I2: PAX NO ADL+CHD | K2: 101
C3: PCS per PAX | E3: WGHT per PC | G3: HB WGHT per PAX | I3: PCS per FLT | J3: BAGGAGE WGHT | K3: HB WGHT
A4: SUI | B4: SVO | C4: =AVERAGEA(I7:I40) -> 0.62943729 | E4: =AVERAGEA(J7:J40) -> 14.253624 | G4: =AVERAGEA(K7:K40) -> 2.3508901 | I4: =C4*K2 -> 63.573166 | J4: =I4*E4 -> 906.14803 | K4: =K2*G4 -> 237.4399
A5: DATE | B5: FLT NO | C5: AC TYPE | D5: ADULT | E5: CHD | F5: BAGGAGE | H5: CABIN BAGGAGE | I5: PCS per PAX | J5: WGHT per PC | K5: HB WGHT per PAX
F6: PCS | G6: WEIGHT
A7: 46204 | B7: EO1294 | C7: E90 | D7: 57 | E7: 5 | F7: 34 | G7: 474 | H7: 138 | I7: =F7/(D7+E7) -> 0.5483871 | J7: =G7/F7 -> 13.941176 | K7: =H7/(D7+E7) -> 2.2258065
A8: 46205 | B8: 1294 | C8: B77W | D8: 291 | E8: 59 | F8: 233 | G8: 3273 | H8: 495 | I8: =F8/(D8+E8) -> 0.66571429 | J8: =G8/F8 -> 14.04721 | K8: =H8/(D8+E8) -> 1.4142857
A9: 46206 | B9: 1294 | C9: B77W | D9: 297 | E9: 44 | F9: 214 | G9: 3092 | H9: 963 | I9: =F9/(D9+E9) -> 0.62756598 | J9: =G9/F9 -> 14.448598 | K9: =H9/(D9+E9) -> 2.8240469
A10: 46207 | B10: EO1294 | C10: E90 | D10: 101 | E10: 4 | F10: 89 | G10: 1296 | H10: 298 | I10: =F10/(D10+E10) -> 0.84761905 | J10: =G10/F10 -> 14.561798 | K10: =H10/(D10+E10) -> 2.8380952
A11: 46208 | B11: 1294 | C11: B77W | D11: 405 | E11: 40 | F11: 288 | G11: 4082 | H11: 762 | I11: =F11/(D11+E11) -> 0.64719101 | J11: =G11/F11 -> 14.173611 | K11: =H11/(D11+E11) -> 1.7123596
A12: 46209 | B12: EO1294 | C12: E90 | D12: 48 | E12: 9 | F12: 38 | G12: 558 | H12: 97 | I12: =F12/(D12+E12) -> 0.66666667 | J12: =G12/F12 -> 14.684211 | K12: =H12/(D12+E12) -> 1.7017544
A13: 46210 | B13: 1294 | C13: B77W | D13: 398 | E13: 50 | F13: 264 | G13: 3597 | H13: 1036 | I13: =F13/(D13+E13) -> 0.58928571 | J13: =G13/F13 -> 13.625 | K13: =H13/(D13+E13) -> 2.3125
A14: 46211 | B14: EO1294 | C14: E90 | D14: 99 | E14: 3 | F14: 63 | G14: 741 | H14: 279 | I14: =F14/(D14+E14) -> 0.61764706 | J14: =G14/F14 -> 11.761905 | K14: =H14/(D14+E14) -> 2.7352941
A15: 46212 | B15: 1294 | C15: B77W | D15: 466 | E15: 69 | F15: 331 | G15: 4760 | H15: 992 | I15: =F15/(D15+E15) -> 0.61869159 | J15: =G15/F15 -> 14.380665 | K15: =H15/(D15+E15) -> 1.8542056
A16: 46213 | B16: 1294 | C16: B77W | D16: 449 | E16: 70 | F16: 341 | G16: 4945 | H16: 1133 | I16: =F16/(D16+E16) -> 0.65703276 | J16: =G16/F16 -> 14.501466 | K16: =H16/(D16+E16) -> 2.1830443
A17: 46214 | B17: EO1294 | C17: E90 | D17: 94 | E17: 3 | F17: 68 | G17: 1008 | H17: 328 | I17: =F17/(D17+E17) -> 0.70103093 | J17: =G17/F17 -> 14.823529 | K17: =H17/(D17+E17) -> 3.3814433
A18: 46215 | B18: 1294 | C18: B77W | D18: 463 | E18: 59 | F18: 285 | G18: 4085 | H18: 984 | I18: =F18/(D18+E18) -> 0.54597701 | J18: =G18/F18 -> 14.333333 | K18: =H18/(D18+E18) -> 1.8850575
A19: 46216 | B19: EO1294 | C19: E90 | D19: 75 | E19: 3 | F19: 38 | G19: 503 | H19: 209 | I19: =F19/(D19+E19) -> 0.48717949 | J19: =G19/F19 -> 13.236842 | K19: =H19/(D19+E19) -> 2.6794872
A20: 46217 | B20: 1294 | C20: B77W | D20: 427 | E20: 55 | F20: 293 | G20: 4233 | H20: 1444 | I20: =F20/(D20+E20) -> 0.60788382 | J20: =G20/F20 -> 14.447099 | K20: =H20/(D20+E20) -> 2.9958506
A21: 46218 | B21: EO1294 | C21: E90 | D21: 88 | E21: 5 | F21: 56 | G21: 899 | H21: 287 | I21: =F21/(D21+E21) -> 0.60215054 | J21: =G21/F21 -> 16.053571 | K21: =H21/(D21+E21) -> 3.0860215
A22: 46219 | B22: 1294 | C22: B77W | D22: 452 | E22: 41 | F22: 316 | G22: 4752 | H22: 880 | I22: =F22/(D22+E22) -> 0.64097363 | J22: =G22/F22 -> 15.037975 | K22: =H22/(D22+E22) -> 1.7849899

Sheet SUI_UFA 07_26
A1: AVERAGE BAGGAGE WEIGHT TABLE | I1: Preliminary PAYLOAD
A2: FROM | B2: TO | C2: AVERAGE | I2: PAX NO ADL+CHD | K2: 101
C3: PCS per PAX | E3: WGHT per PC | G3: HB WGHT per PAX | I3: PCS per FLT | J3: BAGGAGE WGHT | K3: HB WGHT
A4: SUI | B4: UFA | C4: =AVERAGEA(I7:I37) -> 0.17391304 | E4: =AVERAGEA(J7:J37) -> 16.5625 | G4: =AVERAGEA(K7:K37) -> 3.173913 | I4: =C4*K2 -> 17.565217 | J4: =I4*E4 -> 290.92391 | K4: =K2*G4 -> 320.56522
A5: DATE | B5: FLT NO | C5: AC TYPE | D5: ADULT | E5: CHD | F5: BAGGAGE | H5: CABIN BAGGAGE | I5: PCS per PAX | J5: WGHT per PC | K5: HB WGHT per PAX
F6: PCS | G6: WEIGHT
A7: 46219 | B7: 1300 | C7: B738 | D7: 73 | E7: 19 | F7: 16 | G7: 265 | H7: 292 | I7: =F7/(D7+E7) -> 0.17391304 | J7: =G7/F7 -> 16.5625 | K7: =H7/(D7+E7) -> 3.173913

Sheet AER_AYT 10_25
A1: AVERAGE BAGGAGE WEIGHT TABLE | I1: Preliminary PAYLOAD
A2: FROM | B2: TO | C2: AVERAGE | I2: PAX NO ADL+CHD | K2: 200
C3: PCS per PAX | E3: WGHT per PC | G3: HB WGHT per PAX | I3: PCS per FLT | J3: BAGGAGE WGHT | K3: HB WGHT
A4: AER | B4: AYT | C4: =AVERAGEA(I7:I44) -> 0.89830508 | E4: =AVERAGEA(J7:J44) -> 12.056604 | G4: =AVERAGEA(K7:K44) -> 2.220339 | I4: =C4*K2 -> 179.66102 | J4: =I4*E4 -> 2166.1017 | K4: =K2*G4 -> 444.0678
A5: DATE | B5: FLT NO | C5: AC TYPE | D5: ADULT | E5: CHD | F5: BAGGAGE | H5: CABIN BAGGAGE | I5: PCS per PAX | J5: WGHT per PC | K5: HB WGHT per PAX
F6: PCS | G6: WEIGHT
A7: 45945 | B7: 3051 | C7: A333 | D7: 58 | E7: 1 | F7: 53 | G7: 639 | H7: 131 | I7: =F7/(D7+E7) -> 0.89830508 | J7: =G7/F7 -> 12.056604 | K7: =H7/(D7+E7) -> 2.220339

Sheet AER_BAX 07_26
A1: AVERAGE BAGGAGE WEIGHT TABLE | I1: Preliminary PAYLOAD
A2: FROM | B2: TO | C2: AVERAGE | I2: PAX NO ADL+CHD | K2: 140
C3: PCS per PAX | E3: WGHT per PC | G3: HB WGHT per PAX | I3: PCS per FLT | J3: BAGGAGE WGHT | K3: HB WGHT
A4: AER | B4: BAX | C4: =AVERAGEA(I7:I38) -> 0.41365719 | E4: =AVERAGEA(J7:J38) -> 13.772959 | G4: =AVERAGEA(K7:K38) -> 1.6221717 | I4: =C4*K2 -> 57.912007 | J4: =I4*E4 -> 797.61972 | K4: =K2*G4 -> 227.10404
A5: DATE | B5: FLT NO | C5: AC TYPE | D5: ADULT | E5: CHD | F5: BAGGAGE | H5: CABIN BAGGAGE | I5: PCS per PAX | J5: WGHT per PC | K5: HB WGHT per PAX | N5: STATUS | O5: ADULT+CHD | P5: No of PCS | Q5: WEIGHT | R5: AVERAGE BAG WEIGHT | S5: NO BAG per PAX
F6: PCS | G6: WEIGHT
A7: 46205 | B7: EO487 | C7: B739 | D7: 159 | E7: 28 | F7: 75 | G7: 1025 | H7: 189 | I7: =F7/(D7+E7) -> 0.40106952 | J7: =G7/F7 -> 13.666667 | K7: =H7/(D7+E7) -> 1.0106952 | N7: PRE | O7: =K2 -> 140 | P7: =I4 -> 57.912007 | Q7: =J4 -> 797.61972 | R7: =Q7/P7 -> 13.772959 | S7: =P7/O7 -> 0.41365719
A8: 46207 | B8: EO487 | C8: B739 | D8: 161 | E8: 31 | F8: 85 | G8: 1217 | H8: 411 | I8: =F8/(D8+E8) -> 0.44270833 | J8: =G8/F8 -> 14.317647 | K8: =H8/(D8+E8) -> 2.140625 | N8: LIR DATA/FINAL | O8: =O7 -> 140 | P8: =O8*S7 -> 57.912007 | Q8: =P8*R7 -> 797.61972
A9: 46209 | B9: EO487 | C9: B739 | D9: 154 | E9: 32 | F9: 78 | G9: 1165 | H9: 235 | I9: =F9/(D9+E9) -> 0.41935484 | J9: =G9/F9 -> 14.935897 | K9: =H9/(D9+E9) -> 1.2634409 | N9: LOAD PLANNING DATA
A10: 46212 | B10: EO487 | C10: B739 | D10: 162 | E10: 28 | F10: 69 | G10: 928 | H10: 296 | I10: =F10/(D10+E10) -> 0.36315789 | J10: =G10/F10 -> 13.449275 | K10: =H10/(D10+E10) -> 1.5578947 | N10: ULD | Q10: BULK
A11: 46214 | B11: EO487 | C11: B739 | D11: 168 | E11: 18 | F11: 82 | G11: 1055 | H11: 203 | I11: =F11/(D11+E11) -> 0.44086022 | J11: =G11/F11 -> 12.865854 | K11: =H11/(D11+E11) -> 1.0913978 | N11: ULD NO | O11: NO of PCS | P11: KG per ULD | Q11: POS | R11: NO of PCS | S11: KG per POS
A12: 46216 | B12: EO487 | C12: B739 | D12: 175 | E12: 28 | F12: 74 | G12: 1072 | H12: 350 | I12: =F12/(D12+E12) -> 0.36453202 | J12: =G12/F12 -> 14.486486 | K12: =H12/(D12+E12) -> 1.7241379 | N12: 1 | O12: 0 | P12: =O12*R7 -> 0 | Q12: 3 | R12: 30 | S12: =R12*R7 -> 413.18878
A13: 46219 | B13: EO487 | C13: B739 | D13: 157 | E13: 37 | F13: 90 | G13: 1142 | H13: 498 | I13: =F13/(D13+E13) -> 0.46391753 | J13: =G13/F13 -> 12.688889 | K13: =H13/(D13+E13) -> 2.5670103 | N13: 2 | O13: 0 | P13: =O13*R7 -> 0 | Q13: 4 | R13: 30 | S13: =R7*R13 -> 413.18878
N14: 3 | O14: 0 | P14: =R7*O14 -> 0 | Q14: 5 | R14: 0 | S14: =R14*R7 -> 0
N15: 4 | O15: 0 | P15: =R7*O15 -> 0 | Q15: 1 | R15: 1 | S15: =R7*R15 -> 13.772959
N16: 5 | O16: 0 | P16: =R7*O16 -> 0 | R16: 0 | S16: =R7*R16 -> 0
N17: 6 | O17: 0 | P17: =R7*O17 -> 0 | R17: 0 | S17: =R7*R17 -> 0
N18: 7 | O18: 0 | P18: =R7*O18 -> 0 | R18: 0 | S18: =R7*R18 -> 0
N19: 8 | O19: 0 | P19: =R7*O19 -> 0 | R19: 0 | S19: =R7*R19 -> 0
N20: 9 | O20: 0 | P20: =R7*O20 -> 0 | R20: 0 | S20: =R7*R20 -> 0
N21: BULK | O21: 0 | P21: =R7*O21 -> 0 | S21: =R7*R21 -> 0
N22: REST | O22: =P8-O12-O13-O14-O15-O16-O17-O18-O19-O20-O21 -> 57.912007 | P22: =Q8-P12-P13-P14-P15-P16-P17-P18-P19-P20-P21 -> 797.61972 | Q22: REST | R22: =P8-R12-R13-R14-R15-R16-R17-R18-R19-R20-R21 -> -3.0879931 | S22: =Q8-S12-S13-S14-S15-S16-S17-S18-S19-S20-S21 -> -42.530803
N23: TOTAL | O23: =O12+O13+O14+O15+O16+O17+O18+O19+O20+O21 -> 0 | P23: =P12+P13+P14+P15+P16+P17+P18+P19+P20+P21 -> 0 | Q23: TOTAL | R23: =R12+R13+R14+R15+R16+R17+R18+R19+R20+R21 -> 61 | S23: =S12+S13+S14+S15+S16+S17+S18+S19+S20+S21 -> 840.15052

Sheet AER_CSY 07_26
A1: AVERAGE BAGGAGE WEIGHT TABLE | I1: Preliminary PAYLOAD
A2: FROM | B2: TO | C2: AVERAGE | I2: PAX NO ADL+CHD | K2: 185
C3: PCS per PAX | E3: WGHT per PC | G3: HB WGHT per PAX | I3: PCS per FLT | J3: BAGGAGE WGHT | K3: HB WGHT
A4: AER | B4: CSY | C4: =AVERAGEA(I7:I37) -> 0.5783661 | E4: =AVERAGEA(J7:J37) -> 12.719639 | G4: =AVERAGEA(K7:K37) -> 1.7540513 | I4: =C4*K2 -> 106.99773 | J4: =I4*E4 -> 1360.9725 | K4: =K2*G4 -> 324.49949
A5: DATE | B5: FLT NO | C5: AC TYPE | D5: ADULT | E5: CHD | F5: BAGGAGE | H5: CABIN BAGGAGE | I5: PCS per PAX | J5: WGHT per PC | K5: HB WGHT per PAX | N5: STATUS | O5: ADULT+CHD | P5: No of PCS | Q5: WEIGHT | R5: AVERAGE BAG WEIGHT | S5: NO BAG per PAX
F6: PCS | G6: WEIGHT
A7: 46205 | B7: 447 | C7: B738 | D7: 148 | E7: 23 | F7: 102 | G7: 1339 | H7: 296 | I7: =F7/(D7+E7) -> 0.59649123 | J7: =G7/F7 -> 13.127451 | K7: =H7/(D7+E7) -> 1.7309942 | N7: PRE | O7: =K2 -> 185 | P7: =I4 -> 106.99773 | Q7: =J4 -> 1360.9725 | R7: =Q7/P7 -> 12.719639 | S7: =P7/O7 -> 0.5783661
A8: 46209 | B8: 447 | C8: B738 | D8: 144 | E8: 22 | F8: 93 | G8: 1145 | H8: 295 | I8: =F8/(D8+E8) -> 0.56024096 | J8: =G8/F8 -> 12.311828 | K8: =H8/(D8+E8) -> 1.7771084 | N8: LIR DATA/FINAL | O8: =K2 -> 185 | P8: =O8*S7 -> 106.99773 | Q8: =P8*R7 -> 1360.9725
N9: LOAD PLANNING DATA
N10: ULD | Q10: BULK
N11: ULD NO | O11: NO of PCS | P11: KG per ULD | Q11: POS | R11: NO of PCS | S11: KG per POS
N12: 1 | O12: 0 | P12: =O12*R7 -> 0 | Q12: 3 | R12: 20 | S12: =R12*R7 -> 254.39279
N13: 2 | O13: 0 | P13: =O13*R7 -> 0 | Q13: 4 | R13: 35 | S13: =R7*R13 -> 445.18738
N14: 3 | O14: 0 | P14: =R7*O14 -> 0 | Q14: 5 | R14: 22 | S14: =R14*R7 -> 279.83207
N15: 4 | O15: 0 | P15: =R7*O15 -> 0 | Q15: 1 | R15: 0 | S15: =R7*R15 -> 0
N16: 5 | O16: 0 | P16: =R7*O16 -> 0 | R16: 0 | S16: =R7*R16 -> 0
N17: 6 | O17: 0 | P17: =R7*O17 -> 0 | R17: 0 | S17: =R7*R17 -> 0
N18: 7 | O18: 0 | P18: =R7*O18 -> 0 | R18: 0 | S18: =R7*R18 -> 0
N19: 8 | O19: 0 | P19: =R7*O19 -> 0 | R19: 0 | S19: =R7*R19 -> 0
N20: 9 | O20: 0 | P20: =R7*O20 -> 0 | R20: 0 | S20: =R7*R20 -> 0
N21: BULK | O21: 0 | P21: =R7*O21 -> 0 | S21: =R7*R21 -> 0
N22: REST | O22: =P8-O12-O13-O14-O15-O16-O17-O18-O19-O20-O21 -> 106.99773 | P22: =Q8-P12-P13-P14-P15-P16-P17-P18-P19-P20-P21 -> 1360.9725 | Q22: REST | R22: =P8-R12-R13-R14-R15-R16-R17-R18-R19-R20-R21 -> 29.997728 | S22: =Q8-S12-S13-S14-S15-S16-S17-S18-S19-S20-S21 -> 381.56028
N23: TOTAL | O23: =O12+O13+O14+O15+O16+O17+O18+O19+O20+O21 -> 0 | P23: =P12+P13+P14+P15+P16+P17+P18+P19+P20+P21 -> 0 | Q23: TOTAL | R23: =R12+R13+R14+R15+R16+R17+R18+R19+R20+R21 -> 77 | S23: =S12+S13+S14+S15+S16+S17+S18+S19+S20+S21 -> 979.41224

Sheet AER_CEK 07_26
A1: AVERAGE BAGGAGE WEIGHT TABLE | I1: Preliminary PAYLOAD
A2: FROM | B2: TO | C2: AVERAGE | I2: PAX NO ADL+CHD | K2: 202
C3: PCS per PAX | E3: WGHT per PC | G3: HB WGHT per PAX | I3: PCS per FLT | J3: BAGGAGE WGHT | K3: HB WGHT
A4: AER | B4: CEK | C4: =AVERAGEA(I7:I40) -> 0.5483871 | E4: =AVERAGEA(J7:J40) -> 14.127451 | G4: =AVERAGEA(K7:K40) -> 1.4677419 | I4: =C4*K2 -> 110.77419 | J4: =I4*E4 -> 1564.957 | K4: =K2*G4 -> 296.48387
A5: DATE | B5: FLT NO | C5: AC TYPE | D5: ADULT | E5: CHD | F5: BAGGAGE | H5: CABIN BAGGAGE | I5: PCS per PAX | J5: WGHT per PC | K5: HB WGHT per PAX | N5: STATUS | O5: ADULT+CHD | P5: No of PCS | Q5: WEIGHT | R5: AVERAGE BAG WEIGHT | S5: NO BAG per PAX
F6: PCS | G6: WEIGHT
A7: 46206 | B7: 505 | C7: B738 | D7: 158 | E7: 28 | F7: 102 | G7: 1441 | H7: 273 | I7: =F7/(D7+E7) -> 0.5483871 | J7: =G7/F7 -> 14.127451 | K7: =H7/(D7+E7) -> 1.4677419 | N7: PRE | O7: =K2 -> 202 | P7: =I4 -> 110.77419 | Q7: =J4 -> 1564.957 | R7: =Q7/P7 -> 14.127451 | S7: =P7/O7 -> 0.5483871
N8: LIR DATA/FINAL | O8: =O7 -> 202 | P8: =O8*S7 -> 110.77419 | Q8: =P8*R7 -> 1564.957
N9: LOAD PLANNING DATA
N10: ULD | Q10: BULK
N11: ULD NO | O11: NO of PCS | P11: KG per ULD | Q11: POS | R11: NO of PCS | S11: KG per POS
N12: 1 | O12: 0 | P12: =O12*R7 -> 0 | Q12: 3 | R12: 35 | S12: =R12*R7 -> 494.46078
N13: 2 | O13: 0 | P13: =O13*R7 -> 0 | Q13: 4 | R13: 35 | S13: =R7*R13 -> 494.46078
N14: 3 | O14: 0 | P14: =R7*O14 -> 0 | Q14: 5 | R14: 13 | S14: =R14*R7 -> 183.65686
N15: 4 | O15: 0 | P15: =R7*O15 -> 0 | Q15: 1 | R15: 0 | S15: =R7*R15 -> 0
N16: 5 | O16: 0 | P16: =R7*O16 -> 0 | R16: 0 | S16: =R7*R16 -> 0
N17: 6 | O17: 0 | P17: =R7*O17 -> 0 | R17: 0 | S17: =R7*R17 -> 0
N18: 7 | O18: 0 | P18: =R7*O18 -> 0 | R18: 0 | S18: =R7*R18 -> 0
N19: 8 | O19: 0 | P19: =R7*O19 -> 0 | R19: 0 | S19: =R7*R19 -> 0
N20: 9 | O20: 0 | P20: =R7*O20 -> 0 | R20: 0 | S20: =R7*R20 -> 0
N21: BULK | O21: 0 | P21: =R7*O21 -> 0 | S21: =R7*R21 -> 0
N22: REST | O22: =P8-O12-O13-O14-O15-O16-O17-O18-O19-O20-O21 -> 110.77419 | P22: =Q8-P12-P13-P14-P15-P16-P17-P18-P19-P20-P21 -> 1564.957 | Q22: REST | R22: =P8-R12-R13-R14-R15-R16-R17-R18-R19-R20-R21 -> 27.774194 | S22: =Q8-S12-S13-S14-S15-S16-S17-S18-S19-S20-S21 -> 392.37856
N23: TOTAL | O23: =O12+O13+O14+O15+O16+O17+O18+O19+O20+O21 -> 0 | P23: =P12+P13+P14+P15+P16+P17+P18+P19+P20+P21 -> 0 | Q23: TOTAL | R23: =R12+R13+R14+R15+R16+R17+R18+R19+R20+R21 -> 83 | S23: =S12+S13+S14+S15+S16+S17+S18+S19+S20+S21 -> 1172.5784

Sheet AER_GOJ 07_26
A1: AVERAGE BAGGAGE WEIGHT TABLE | I1: Preliminary PAYLOAD
A2: FROM | B2: TO | C2: AVERAGE | I2: PAX NO ADL+CHD | K2: 207
C3: PCS per PAX | E3: WGHT per PC | G3: HB WGHT per PAX | I3: PCS per FLT | J3: BAGGAGE WGHT | K3: HB WGHT
A4: AER | B4: GOJ | C4: =AVERAGEA(I7:I37) -> 0.49440486 | E4: =AVERAGEA(J7:J37) -> 14.334865 | G4: =AVERAGEA(K7:K37) -> 1.1773904 | I4: =C4*K2 -> 102.34181 | J4: =I4*E4 -> 1467.056 | K4: =K2*G4 -> 243.71982
A5: DATE | B5: FLT NO | C5: AC TYPE | D5: ADULT | E5: CHD | F5: BAGGAGE | H5: CABIN BAGGAGE | I5: PCS per PAX | J5: WGHT per PC | K5: HB WGHT per PAX | N5: STATUS | O5: ADULT+CHD | P5: No of PCS | Q5: WEIGHT | R5: AVERAGE BAG WEIGHT | S5: NO BAG per PAX
F6: PCS | G6: WEIGHT
A7: 46204 | B7: 439 | C7: A332 | D7: 242 | E7: 50 | F7: 131 | G7: 1801 | H7: 402 | I7: =F7/(D7+E7) -> 0.44863014 | J7: =G7/F7 -> 13.748092 | K7: =H7/(D7+E7) -> 1.3767123 | N7: PRE | O7: =K2 -> 207 | P7: =I4 -> 102.34181 | Q7: =J4 -> 1467.056 | R7: =Q7/P7 -> 14.334865 | S7: =P7/O7 -> 0.49440486
A8: 46207 | B8: 439 | C8: A332 | D8: 230 | E8: 54 | F8: 151 | G8: 2183 | H8: 180 | I8: =F8/(D8+E8) -> 0.53169014 | J8: =G8/F8 -> 14.456954 | K8: =H8/(D8+E8) -> 0.63380282 | N8: LIR DATA/FINAL | O8: =O7 -> 207 | P8: =O8*S7 -> 102.34181 | Q8: =P8*R7 -> 1467.056
A9: 46208 | B9: 439 | C9: A332 | D9: 212 | E9: 44 | F9: 139 | G9: 1943 | H9: 131 | I9: =F9/(D9+E9) -> 0.54296875 | J9: =G9/F9 -> 13.978417 | K9: =H9/(D9+E9) -> 0.51171875 | N9: LOAD PLANNING DATA
A10: 46211 | B10: 439 | C10: A332 | D10: 271 | E10: 66 | F10: 162 | G10: 2427 | H10: 485 | I10: =F10/(D10+E10) -> 0.48071217 | J10: =G10/F10 -> 14.981481 | K10: =H10/(D10+E10) -> 1.4391691 | N10: ULD | Q10: BULK
A11: 46214 | B11: 439 | C11: A332 | D11: 303 | E11: 59 | F11: 183 | G11: 2672 | H11: 340 | I11: =F11/(D11+E11) -> 0.50552486 | J11: =G11/F11 -> 14.601093 | K11: =H11/(D11+E11) -> 0.93922652 | N11: ULD NO | O11: NO of PCS | P11: KG per ULD | Q11: POS | R11: NO of PCS | S11: KG per POS
A12: 46215 | B12: 439 | C12: A332 | D12: 245 | E12: 52 | F12: 148 | G12: 2138 | H12: 433 | I12: =F12/(D12+E12) -> 0.4983165 | J12: =G12/F12 -> 14.445946 | K12: =H12/(D12+E12) -> 1.4579125 | N12: 1 | O12: 30 | P12: =O12*R7 -> 430.04596 | Q12: 3 | R12: 40 | S12: =R12*R7 -> 573.39462
A13: 46218 | B13: 439 | C13: A332 | D13: 282 | E13: 69 | F13: 159 | G13: 2247 | H13: 661 | I13: =F13/(D13+E13) -> 0.45299145 | J13: =G13/F13 -> 14.132075 | K13: =H13/(D13+E13) -> 1.8831909 | N13: 2 | O13: 30 | P13: =O13*R7 -> 430.04596 | Q13: 4 | R13: 40 | S13: =R7*R13 -> 573.39462
N14: 3 | O14: 30 | P14: =R7*O14 -> 430.04596 | Q14: 5 | R14: 32 | S14: =R14*R7 -> 458.7157
N15: 4 | O15: 30 | P15: =R7*O15 -> 430.04596 | Q15: 1 | R15: 0 | S15: =R7*R15 -> 0
N16: 5 | O16: 30 | P16: =R7*O16 -> 430.04596 | R16: 0 | S16: =R7*R16 -> 0
N17: 6 | O17: 0 | P17: =R7*O17 -> 0 | R17: 0 | S17: =R7*R17 -> 0
N18: 7 | O18: 0 | P18: =R7*O18 -> 0 | R18: 0 | S18: =R7*R18 -> 0
N19: 8 | O19: 0 | P19: =R7*O19 -> 0 | R19: 0 | S19: =R7*R19 -> 0
N20: 9 | O20: 0 | P20: =R7*O20 -> 0 | R20: 0 | S20: =R7*R20 -> 0
N21: BULK | O21: 0 | P21: =R7*O21 -> 0 | S21: =R7*R21 -> 0
N22: REST | O22: =P8-O12-O13-O14-O15-O16-O17-O18-O19-O20-O21 -> -47.658194 | P22: =Q8-P12-P13-P14-P15-P16-P17-P18-P19-P20-P21 -> -683.1738 | Q22: REST | R22: =P8-R12-R13-R14-R15-R16-R17-R18-R19-R20-R21 -> -9.6581944 | S22: =Q8-S12-S13-S14-S15-S16-S17-S18-S19-S20-S21 -> -138.44892
N23: TOTAL | O23: =O12+O13+O14+O15+O16+O17+O18+O19+O20+O21 -> 150 | P23: =P12+P13+P14+P15+P16+P17+P18+P19+P20+P21 -> 2150.2298 | Q23: TOTAL | R23: =R12+R13+R14+R15+R16+R17+R18+R19+R20+R21 -> 112 | S23: =S12+S13+S14+S15+S16+S17+S18+S19+S20+S21 -> 1605.5049

Sheet AER_IWA 07_26
A1: AVERAGE BAGGAGE WEIGHT TABLE | I1: Preliminary PAYLOAD
A2: FROM | B2: TO | C2: AVERAGE | I2: PAX NO ADL+CHD | K2: 93
C3: PCS per PAX | E3: WGHT per PC | G3: HB WGHT per PAX | I3: PCS per FLT | J3: BAGGAGE WGHT | K3: HB WGHT
A4: AER | B4: IWA | C4: =AVERAGEA(I7:I40) -> 0.52585195 | E4: =AVERAGEA(J7:J40) -> 13.693523 | G4: =AVERAGEA(K7:K40) -> 2.082742 | I4: =C4*K2 -> 48.904231 | J4: =I4*E4 -> 669.67121 | K4: =K2*G4 -> 193.69501
A5: DATE | B5: FLT NO | C5: AC TYPE | D5: ADULT | E5: CHD | F5: BAGGAGE | H5: CABIN BAGGAGE | I5: PCS per PAX | J5: WGHT per PC | K5: HB WGHT per PAX | N5: STATUS | O5: ADULT+CHD | P5: No of PCS | Q5: WEIGHT | R5: AVERAGE BAG WEIGHT | S5: NO BAG per PAX
F6: PCS | G6: WEIGHT
A7: 46204 | B7: 979 | C7: B738 | D7: 113 | E7: 17 | F7: 66 | G7: 884 | H7: 171 | I7: =F7/(D7+E7) -> 0.50769231 | J7: =G7/F7 -> 13.393939 | K7: =H7/(D7+E7) -> 1.3153846 | N7: PRE | O7: =K2 -> 93 | P7: =I4 -> 48.904231 | Q7: =J4 -> 669.67121 | R7: =Q7/P7 -> 13.693523 | S7: =P7/O7 -> 0.52585195
A8: 46206 | B8: 979 | C8: B738 | D8: 128 | E8: 24 | F8: 63 | G8: 905 | H8: 380 | I8: =F8/(D8+E8) -> 0.41447368 | J8: =G8/F8 -> 14.365079 | K8: =H8/(D8+E8) -> 2.5 | N8: LIR DATA/FINAL | O8: =O7 -> 93 | P8: =O8*S7 -> 48.904231 | Q8: =P8*R7 -> 669.67121
A9: 46207 | B9: EO979 | C9: E90 | D9: 59 | E9: 8 | F9: 45 | G9: 670 | H9: 226 | I9: =F9/(D9+E9) -> 0.67164179 | J9: =G9/F9 -> 14.888889 | K9: =H9/(D9+E9) -> 3.3731343 | N9: LOAD PLANNING DATA
A10: 46211 | B10: EO979 | C10: E90 | D10: 87 | E10: 17 | F10: 50 | G10: 628 | H10: 203 | I10: =F10/(D10+E10) -> 0.48076923 | J10: =G10/F10 -> 12.56 | K10: =H10/(D10+E10) -> 1.9519231 | N10: ULD | Q10: BULK
A11: 46213 | B11: 979 | C11: B738 | D11: 145 | E11: 38 | F11: 90 | G11: 1156 | H11: 215 | I11: =F11/(D11+E11) -> 0.49180328 | J11: =G11/F11 -> 12.844444 | K11: =H11/(D11+E11) -> 1.1748634 | N11: ULD NO | O11: NO of PCS | P11: KG per ULD | Q11: POS | R11: NO of PCS | S11: KG per POS
A12: 46214 | B12: EO979 | C12: E90 | D12: 84 | E12: 12 | F12: 63 | G12: 839 | H12: 200 | I12: =F12/(D12+E12) -> 0.65625 | J12: =G12/F12 -> 13.31746 | K12: =H12/(D12+E12) -> 2.0833333 | N12: 1 | O12: 0 | P12: =O12*R7 -> 0 | Q12: 3 | R12: 30 | S12: =R12*R7 -> 410.80569
A13: 46218 | B13: 979 | C13: B738 | D13: 122 | E13: 22 | F13: 66 | G13: 956 | H13: 314 | I13: =F13/(D13+E13) -> 0.45833333 | J13: =G13/F13 -> 14.484848 | K13: =H13/(D13+E13) -> 2.1805556 | N13: 2 | O13: 0 | P13: =O13*R7 -> 0 | Q13: 4 | R13: 29 | S13: =R7*R13 -> 397.11217
N14: 3 | O14: 0 | P14: =R7*O14 -> 0 | Q14: 5 | R14: 0 | S14: =R14*R7 -> 0
N15: 4 | O15: 0 | P15: =R7*O15 -> 0 | Q15: 1 | R15: 0 | S15: =R7*R15 -> 0
N16: 5 | O16: 0 | P16: =R7*O16 -> 0 | R16: 0 | S16: =R7*R16 -> 0
N17: 6 | O17: 0 | P17: =R7*O17 -> 0 | Q17: 4 | R17: 0 | S17: =R7*R17 -> 0
N18: 7 | O18: 0 | P18: =R7*O18 -> 0 | R18: 0 | S18: =R7*R18 -> 0
N19: 8 | O19: 0 | P19: =R7*O19 -> 0 | R19: 0 | S19: =R7*R19 -> 0
N20: 9 | O20: 0 | P20: =R7*O20 -> 0 | R20: 0 | S20: =R7*R20 -> 0
N21: BULK | O21: 0 | P21: =R7*O21 -> 0 | S21: =R7*R21 -> 0
N22: REST | O22: =P8-O12-O13-O14-O15-O16-O17-O18-O19-O20-O21 -> 48.904231 | P22: =Q8-P12-P13-P14-P15-P16-P17-P18-P19-P20-P21 -> 669.67121 | Q22: REST | R22: =P8-R12-R13-R14-R15-R16-R17-R18-R19-R20-R21 -> -10.095769 | S22: =Q8-S12-S13-S14-S15-S16-S17-S18-S19-S20-S21 -> -138.24664
N23: TOTAL | O23: =O12+O13+O14+O15+O16+O17+O18+O19+O20+O21 -> 0 | P23: =P12+P13+P14+P15+P16+P17+P18+P19+P20+P21 -> 0 | Q23: TOTAL | R23: =R12+R13+R14+R15+R16+R17+R18+R19+R20+R21 -> 59 | S23: =S12+S13+S14+S15+S16+S17+S18+S19+S20+S21 -> 807.91786

Sheet AER_KVX 07_26
A1: AVERAGE BAGGAGE WEIGHT TABLE | I1: Preliminary PAYLOAD
A2: FROM | B2: TO | C2: AVERAGE | I2: PAX NO ADL+CHD | K2: 187
C3: PCS per PAX | E3: WGHT per PC | G3: HB WGHT per PAX | I3: PCS per FLT | J3: BAGGAGE WGHT | K3: HB WGHT
A4: AER | B4: KVX | C4: =AVERAGEA(I7:I51) -> 0.36576723 | E4: =AVERAGEA(J7:J51) -> 13.296427 | G4: =AVERAGEA(K7:K51) -> 1.3487423 | I4: =C4*K2 -> 68.398472 | J4: =I4*E4 -> 909.45526 | K4: =K2*G4 -> 252.21482
A5: DATE | B5: FLT NO | C5: AC TYPE | D5: ADULT | E5: CHD | F5: BAGGAGE | H5: CABIN BAGGAGE | I5: PCS per PAX | J5: WGHT per PC | K5: HB WGHT per PAX | N5: STATUS | O5: ADULT+CHD | P5: No of PCS | Q5: WEIGHT | R5: AVERAGE BAG WEIGHT | S5: NO BAG per PAX
F6: PCS | G6: WEIGHT
A7: 46204 | B7: 449 | C7: B738 | D7: 137 | E7: 31 | F7: 63 | G7: 836 | H7: 242 | I7: =F7/(D7+E7) -> 0.375 | J7: =G7/F7 -> 13.269841 | K7: =H7/(D7+E7) -> 1.4404762 | N7: PRE | O7: =K2 -> 187 | P7: =I4 -> 68.398472 | Q7: =J4 -> 909.45526 | R7: =Q7/P7 -> 13.296427 | S7: =P7/O7 -> 0.36576723
A8: 46207 | B8: 449 | C8: B738 | D8: 103 | E8: 26 | F8: 48 | G8: 597 | H8: 109 | I8: =F8/(D8+E8) -> 0.37209302 | J8: =G8/F8 -> 12.4375 | K8: =H8/(D8+E8) -> 0.84496124 | N8: LIR DATA/FINAL | O8: =O7 -> 187 | P8: =O8*S7 -> 68.398472 | Q8: =P8*R7 -> 909.45526
A9: 46214 | B9: EO449 | C9: B739 | D9: 150 | E9: 28 | F9: 52 | G9: 709 | H9: 214 | I9: =F9/(D9+E9) -> 0.29213483 | J9: =G9/F9 -> 13.634615 | K9: =H9/(D9+E9) -> 1.2022472 | N9: LOAD PLANNING DATA
A10: 46218 | B10: EO449 | C10: B739 | D10: 126 | E10: 25 | F10: 64 | G10: 886 | H10: 288 | I10: =F10/(D10+E10) -> 0.42384106 | J10: =G10/F10 -> 13.84375 | K10: =H10/(D10+E10) -> 1.9072848 | N10: ULD | Q10: BULK
N11: ULD NO | O11: NO of PCS | P11: KG per ULD | Q11: POS | R11: NO of PCS | S11: KG per POS
N12: 1 | O12: 0 | P12: =O12*R7 -> 0 | Q12: 3 | R12: 40 | S12: =R12*R7 -> 531.85707
N13: 2 | O13: 0 | P13: =O13*R7 -> 0 | Q13: 4 | R13: 32 | S13: =R7*R13 -> 425.48565
N14: 3 | O14: 0 | P14: =R7*O14 -> 0 | Q14: 5 | R14: 0 | S14: =R14*R7 -> 0
N15: 4 | O15: 0 | P15: =R7*O15 -> 0 | Q15: 1 | R15: 0 | S15: =R7*R15 -> 0
N16: 5 | O16: 0 | P16: =R7*O16 -> 0 | R16: 0 | S16: =R7*R16 -> 0
N17: 6 | O17: 0 | P17: =R7*O17 -> 0 | R17: 0 | S17: =R7*R17 -> 0
N18: 7 | O18: 0 | P18: =R7*O18 -> 0 | R18: 0 | S18: =R7*R18 -> 0
N19: 8 | O19: 0 | P19: =R7*O19 -> 0 | R19: 0 | S19: =R7*R19 -> 0
N20: 9 | O20: 0 | P20: =R7*O20 -> 0 | R20: 0 | S20: =R7*R20 -> 0
N21: BULK | O21: 0 | P21: =R7*O21 -> 0 | S21: =R7*R21 -> 0
N22: REST | O22: =P8-O12-O13-O14-O15-O16-O17-O18-O19-O20-O21 -> 68.398472 | P22: =Q8-P12-P13-P14-P15-P16-P17-P18-P19-P20-P21 -> 909.45526 | Q22: REST | R22: =P8-R12-R13-R14-R15-R16-R17-R18-R19-R20-R21 -> -3.6015283 | S22: =Q8-S12-S13-S14-S15-S16-S17-S18-S19-S20-S21 -> -47.887456
N23: TOTAL | O23: =O12+O13+O14+O15+O16+O17+O18+O19+O20+O21 -> 0 | P23: =P12+P13+P14+P15+P16+P17+P18+P19+P20+P21 -> 0 | Q23: TOTAL | R23: =R12+R13+R14+R15+R16+R17+R18+R19+R20+R21 -> 72 | S23: =S12+S13+S14+S15+S16+S17+S18+S19+S20+S21 -> 957.34272

Sheet AER_KZN 07_26
A1: AVERAGE BAGGAGE WEIGHT TABLE | I1: Preliminary PAYLOAD
A2: FROM | B2: TO | C2: AVERAGE | I2: PAX NO ADL+CHD | K2: 181
C3: PCS per PAX | E3: WGHT per PC | G3: HB WGHT per PAX | I3: PCS per FLT | J3: BAGGAGE WGHT | K3: HB WGHT
A4: AER | B4: KZN | C4: =AVERAGEA(I7:I70) -> 0.47990601 | E4: =AVERAGEA(J7:J70) -> 14.307287 | G4: =AVERAGEA(K7:K70) -> 1.3830018 | I4: =C4*K2 -> 86.862987 | J4: =I4*E4 -> 1242.7737 | K4: =G4*K2 -> 250.32332
A5: DATE | B5: FLT NO | C5: AC TYPE | D5: ADULT | E5: CHD | F5: BAGGAGE | H5: CABIN BAGGAGE | I5: PCS per PAX | J5: WGHT per PC | K5: HB WGHT per PAX | N5: STATUS | O5: ADULT+CHD | P5: No of PCS | Q5: WEIGHT | R5: AVERAGE BAG WEIGHT | S5: NO BAG per PAX
F6: PCS | G6: WEIGHT
A7: 46204 | B7: 411 | C7: A322 | D7: 168 | E7: 36 | F7: 94 | G7: 1446 | H7: 209 | I7: =F7/(D7+E7) -> 0.46078431 | J7: =G7/F7 -> 15.382979 | K7: =H7/(D7+E7) -> 1.0245098 | N7: PRE | O7: =K2 -> 181 | P7: =I4 -> 86.862987 | Q7: =J4 -> 1242.7737 | R7: =Q7/P7 -> 14.307287 | S7: =P7/O7 -> 0.47990601
A8: 46205 | B8: 413 | C8: B738 | D8: 127 | E8: 36 | F8: 70 | G8: 963 | H8: 35 | I8: =F8/(D8+E8) -> 0.42944785 | J8: =G8/F8 -> 13.757143 | K8: =H8/(D8+E8) -> 0.21472393 | N8: LIR DATA/FINAL | O8: =O7 -> 181 | P8: =O8*S7 -> 86.862987 | Q8: =P8*R7 -> 1242.7737
A9: 46206 | B9: 411 | C9: B738 | D9: 143 | E9: 30 | F9: 58 | G9: 841 | H9: 300 | I9: =F9/(D9+E9) -> 0.33526012 | J9: =G9/F9 -> 14.5 | K9: =H9/(D9+E9) -> 1.734104 | N9: LOAD PLANNING DATA
A10: 46206 | B10: 409 | C10: A322 | D10: 179 | E10: 29 | F10: 114 | G10: 1622 | H10: 308 | I10: =F10/(D10+E10) -> 0.54807692 | J10: =G10/F10 -> 14.22807 | K10: =H10/(D10+E10) -> 1.4807692 | N10: ULD | Q10: BULK
A11: 46207 | B11: EO411 | C11: B739 | D11: 175 | E11: 22 | F11: 124 | G11: 1784 | H11: 165 | I11: =F11/(D11+E11) -> 0.62944162 | J11: =G11/F11 -> 14.387097 | K11: =H11/(D11+E11) -> 0.83756345 | N11: ULD NO | O11: NO of PCS | P11: KG per ULD | Q11: POS | R11: NO of PCS | S11: KG per POS
A12: 46208 | B12: 413 | C12: B738 | D12: 146 | E12: 20 | F12: 91 | G12: 1289 | H12: 99 | I12: =F12/(D12+E12) -> 0.54819277 | J12: =G12/F12 -> 14.164835 | K12: =H12/(D12+E12) -> 0.59638554 | N12: 1 | O12: 25 | P12: =O12*R7 -> 357.68218 | Q12: 3 | R12: 35 | S12: =R12*R7 -> 500.75506
A13: 46208 | B13: 409 | C13: B738 | D13: 118 | E13: 28 | F13: 61 | G13: 817 | H13: 176 | I13: =F13/(D13+E13) -> 0.41780822 | J13: =G13/F13 -> 13.393443 | K13: =H13/(D13+E13) -> 1.2054795 | N13: 2 | O13: 25 | P13: =O13*R7 -> 357.68218 | Q13: 4 | R13: 35 | S13: =R7*R13 -> 500.75506
A14: 46209 | B14: 411 | C14: A322 | D14: 158 | E14: 24 | F14: 89 | G14: 1260 | H14: 231 | I14: =F14/(D14+E14) -> 0.48901099 | J14: =G14/F14 -> 14.157303 | K14: =H14/(D14+E14) -> 1.2692308 | N14: 3 | O14: 25 | P14: =R7*O14 -> 357.68218 | Q14: 5 | R14: 9 | S14: =R14*R7 -> 128.76559
A15: 46211 | B15: 411 | C15: B738 | D15: 161 | E15: 24 | F15: 105 | G15: 1538 | H15: 220 | I15: =F15/(D15+E15) -> 0.56756757 | J15: =G15/F15 -> 14.647619 | K15: =H15/(D15+E15) -> 1.1891892 | N15: 4 | O15: 25 | P15: =R7*O15 -> 357.68218 | Q15: 1 | R15: 0 | S15: =R7*R15 -> 0
A16: 46211 | B16: EO6502 | C16: E90 | D16: 69 | E16: 20 | F16: 30 | G16: 461 | H16: 235 | I16: =F16/(D16+E16) -> 0.33707865 | J16: =G16/F16 -> 15.366667 | K16: =H16/(D16+E16) -> 2.6404494 | N16: 5 | O16: 25 | P16: =R7*O16 -> 357.68218 | R16: 0 | S16: =R7*R16 -> 0
A17: 46212 | B17: 413 | C17: B738 | D17: 143 | E17: 43 | F17: 87 | G17: 1245 | H17: 110 | I17: =F17/(D17+E17) -> 0.46774194 | J17: =G17/F17 -> 14.310345 | K17: =H17/(D17+E17) -> 0.59139785 | N17: 6 | O17: 0 | P17: =R7*O17 -> 0 | R17: 0 | S17: =R7*R17 -> 0
A18: 46213 | B18: 411 | C18: B738 | D18: 163 | E18: 19 | F18: 69 | G18: 969 | H18: 200 | I18: =F18/(D18+E18) -> 0.37912088 | J18: =G18/F18 -> 14.043478 | K18: =H18/(D18+E18) -> 1.0989011 | N18: 7 | O18: 0 | P18: =R7*O18 -> 0 | R18: 0 | S18: =R7*R18 -> 0
A19: 46213 | B19: 409 | C19: B738 | D19: 149 | E19: 26 | F19: 86 | G19: 1195 | H19: 361 | I19: =F19/(D19+E19) -> 0.49142857 | J19: =G19/F19 -> 13.895349 | K19: =H19/(D19+E19) -> 2.0628571 | N19: 8 | O19: 0 | P19: =R7*O19 -> 0 | R19: 0 | S19: =R7*R19 -> 0
A20: 46214 | B20: 411 | C20: A322 | D20: 172 | E20: 29 | F20: 118 | G20: 1659 | H20: 205 | I20: =F20/(D20+E20) -> 0.58706468 | J20: =G20/F20 -> 14.059322 | K20: =H20/(D20+E20) -> 1.0199005 | N20: 9 | O20: 0 | P20: =R7*O20 -> 0 | R20: 0 | S20: =R7*R20 -> 0
A21: 46215 | B21: 413 | C21: B738 | D21: 153 | E21: 24 | F21: 99 | G21: 1392 | H21: 102 | I21: =F21/(D21+E21) -> 0.55932203 | J21: =G21/F21 -> 14.060606 | K21: =H21/(D21+E21) -> 0.57627119 | N21: BULK | O21: 0 | P21: =R7*O21 -> 0 | S21: =R7*R21 -> 0
A22: 46215 | B22: 411 | C22: A322 | D22: 159 | E22: 34 | F22: 79 | G22: 1187 | H22: 240 | I22: =F22/(D22+E22) -> 0.40932642 | J22: =G22/F22 -> 15.025316 | K22: =H22/(D22+E22) -> 1.2435233 | N22: REST | O22: =P8-O12-O13-O14-O15-O16-O17-O18-O19-O20-O21 -> -38.137013 | P22: =Q8-P12-P13-P14-P15-P16-P17-P18-P19-P20-P21 -> -545.6372 | Q22: REST | R22: =P8-R12-R13-R14-R15-R16-R17-R18-R19-R20-R21 -> 7.8629871 | S22: =Q8-S12-S13-S14-S15-S16-S17-S18-S19-S20-S21 -> 112.49802
